/*
 Navicat MySQL Data Transfer

 Source Server         : localhost
 Source Server Type    : MySQL
 Source Server Version : 50718
 Source Host           : localhost
 Source Database       : eyes_ims

 Target Server Type    : MySQL
 Target Server Version : 50718
 File Encoding         : utf-8

 Date: 08/28/2017 15:21:29 PM
*/

SET NAMES utf8;
SET FOREIGN_KEY_CHECKS = 0;

-- ----------------------------
--  Table structure for `doctor`
-- ----------------------------
DROP TABLE IF EXISTS `doctor`;
CREATE TABLE `doctor` (
  `id` int(11) NOT NULL AUTO_INCREMENT,
  `salary_num` varchar(255) DEFAULT NULL,
  `name` varchar(255) DEFAULT NULL,
  `level` varchar(255) DEFAULT NULL,
  `group_id` int(11) DEFAULT NULL,
  PRIMARY KEY (`id`),
  KEY `group_id` (`group_id`),
  CONSTRAINT `group_id` FOREIGN KEY (`group_id`) REFERENCES `doctor_group` (`id`) ON DELETE CASCADE
) ENGINE=InnoDB AUTO_INCREMENT=417 DEFAULT CHARSET=utf8;

-- ----------------------------
--  Records of `doctor`
-- ----------------------------
BEGIN;
INSERT INTO `doctor` VALUES ('1', '00481', '魏文斌', '一级主任医师', '1'), ('2', '00401', '张风', '一级主任医师', '3'), ('3', '02053', '陈虹', '二级主任医师', '2'), ('4', '00488', '何雷', '二级主任医师', '2'), ('5', '00492', '李冬梅', '二级主任医师', '2'), ('6', '00483', '李航', '二级主任医师', '1'), ('7', '00501', '李纳', '二级主任医师', '1'), ('8', '03379', '刘宁朴', '二级主任医师', '1'), ('9', '01974', '刘武', '二级主任医师', '2'), ('10', '02039', '卢宁', '二级主任医师', '4'), ('11', '01925', '吕岚', '二级主任医师', '3'), ('12', '00485', '史季桐', '二级主任医师', '4'), ('13', '00487', '宋旭东', '二级主任医师', '4'), ('14', '00482', '唐炘', '二级主任医师', '3'), ('15', '00472', '王军', '二级主任医师', '3'), ('16', '02368', '王荣光', '二级主任医师', '1'), ('17', '04815', '张丰菊', '二级主任医师', '2'), ('18', '02822', '周跃华', '二级主任医师', '5'), ('19', '02136', '陈涛', '三级主任医师', '1'), ('20', '02821', '段安丽', '三级主任医师', '6'), ('21', '02410', '段欣荣', '三级主任医师', '7'), ('22', '03338', '姜利斌', '三级主任医师', '8'), ('23', '03054', '李根林', '三级主任医师', '6'), ('24', '03849', '刘毅', '三级主任医师', '1'), ('25', '02132', '刘莹', '三级主任医师', '6'), ('26', '03027', '刘玉福', '三级主任医师', '7'), ('27', '03215', '卢海', '三级主任医师', '1'), ('28', '02930', '马东丽', '三级主任医师', '7'), ('29', '01296', '潘志强', '三级主任医师', '7'), ('30', '00500', '齐颖', '三级主任医师', '7'), ('31', '02703', '史翔宇', '三级主任医师', '6'), ('32', '04256', '汪东生', '三级主任医师', '1'), ('33', '03024', '王海燕', '三级主任医师', '1'), ('34', '03372', '王红', '三级主任医师', '2'), ('35', '02135', '王涛', '三级主任医师', '2'), ('36', '01970', '云波', '三级主任医师', '5'), ('37', '03719', '朱思泉', '三级主任医师', '1'), ('38', '00504', '朱晓青', '三级主任医师', '4'), ('39', '03165', '董喆', '一级副主任医师', '3'), ('40', '02706', '付晶', '一级副主任医师', '2'), ('41', '00425', '马凯', '一级副主任医师', '2'), ('42', '03217', '王小兵', '一级副研究员', '1'), ('43', '03360', '翟长斌', '一级副主任医师', '3'), ('44', '02133', '周军', '一级副主任医师', '1'), ('45', '02137', '戴红蕾', '一级副主任医师', '1'), ('46', '02240', '钱进', '一级副主任医师', '2'), ('47', '04141', '邱礼新', '一级副主任医师', '1'), ('48', '02244', '王书华', '一级副主任医师', '3'), ('49', '03843', '艾立坤', '二级副主任医师', '8'), ('50', '03337', '傅涛', '二级副主任医师', '4'), ('51', '02835', '高旭', '二级副主任医师', '7'), ('52', '02704', '郭宁', '二级副主任医师', '2'), ('53', '03064', '韩崧', '二级副主任医师', '9'), ('54', '04288', '接英', '二级副主任医师', '8'), ('55', '02411', '金涛', '二级副主任医师', '8'), ('56', '02834', '李琦琰', '二级副主任医师', '9'), ('57', '04253', '李树宁', '二级副主任医师', '10'), ('58', '02839', '林楠', '二级副主任医师', '1'), ('59', '03031', '刘卫华', '二级副主任医师', '1'), ('60', '04313', '马建民', '二级副主任医师', '1'), ('61', '04251', '卿国平', '二级副主任医师', '2'), ('62', '04215', '史雪辉', '二级副主任医师', '6'), ('63', '03395', '陶靖', '二级副主任医师', '4'), ('64', '02838', '田蓓', '二级副主任医师', '5'), ('65', '02534', '于洁', '二级副主任医师', '7'), ('66', '03220', '张红言', '二级副主任医师', '8'), ('67', '02739', '赵丽丽', '二级副主任医师', '7'), ('68', '03218', '丁宁', '三级副主任医师', '6'), ('69', '04252', '段晓明', '三级副主任医师', '5'), ('70', '03398', '高丽琴', '三级副主任医师', '2'), ('71', '03715', '李继鹏', '三级副主任医师', '10'), ('72', '03979', '李松峰', '三级副主任医师', '1'), ('73', '04828', '刘克高', '三级副主任医师', '10'), ('74', '03068', '骆非', '三级副主任医师', '8'), ('75', '03341', '乔春艳', '三级副主任医师', '1'), ('76', '03219', '孙霞', '三级副主任医师', '8'), ('77', '03343', '王凤华', '三级副主任医师', '2'), ('78', '04066', '王晓贞', '三级副主任医师', '3'), ('79', '03392', '徐军', '三级副主任医师', '2'), ('80', '04442', '张青蔚', '三级副主任医师', '3'), ('81', '03339', '张永鹏', '三级副主任医师', '8'), ('82', '03071', '赵鹏飞', '三级副主任医师', '2'), ('83', '04121', '郑鹏飞', '三级副主任医师', '6'), ('84', '04027', '乔利亚', '三级副主任医师', '6'), ('85', '00479', '周丹', '三级副主任医师', '5'), ('86', '02836', '周海英', '三级副主任医师', '4'), ('87', '04270', '曹绪胜', '一级主治医师', '6'), ('88', '04541', '王怀洲', '一级主治医师', '6'), ('89', '03397', '王越', '一级主治医师', '7'), ('90', '04255', '熊瑛', '一级主治医师', '2'), ('91', '04088', '杨丽红', '一级主治医师', '8'), ('92', '03393', '冯星', '二级主治医师', '8'), ('93', '04528', '佘海澄', '二级主治医师', '4'), ('94', '03340', '陈琳', '一级主治医师', '4'), ('95', '02939', '葛心', '一级主治医师', '4'), ('96', '03167', '李林', '一级主治医师', '2'), ('97', '03986', '李志华', '一级主治医师', '2'), ('98', '02941', '刘刚', '一级主治医师', '9'), ('99', '03166', '刘月明', '一级主治医师', '10'), ('100', '04139', '孙阿莉', '一级主治医师', '9'), ('101', '03533', '孙华', '一级主治医师', '1'), ('102', '01973', '王钢', '一级主治医师', '10'), ('103', '03714', '王洪涛', '一级主治医师', '9'), ('104', '04185', '王明扬', '一级主治医师', '2'), ('105', '04194', '王文莹', '一级主治医师', '9'), ('106', '04201', '闫超', '一级主治医师', '3'), ('107', '05112', '于亚杰', '一级主治医师', '3'), ('108', '04117', '赵红姝', '一级主治医师', '4'), ('109', '03066', '赵阳', '一级主治医师', '4'), ('110', '03400', '朱建波', '一级主治医师', '6'), ('111', '05504', '樊文英', '二级主治医师', '2'), ('112', '03394', '李欣', '二级主治医师', '3'), ('113', '04006', '刘妍', '二级主治医师', '3'), ('114', '04315', '莫静', '二级主治医师', '6'), ('115', '05317', '牟大鹏', '二级主治医师', '6'), ('116', '04318', '齐越', '二级主治医师', '6'), ('117', '03342', '秦毅', '二级主治医师', '6'), ('118', '04237', '沈志军', '二级主治医师', '5'), ('119', '04184', '孙倩', '二级主治医师', '6'), ('120', '03396', '王聪', '二级主治医师', '6'), ('121', '03399', '王乙迪', '二级主治医师', '5'), ('122', '04499', '赵萌', '二级主治医师', '3'), ('123', '04500', '赵阳', '二级主治医师', '5'), ('124', '04717', '陈燕云', '三级主治医师', '5'), ('125', '03951', '何渊', '三级主治医师', '10'), ('126', '04723', '洪洁', '三级主治医师', '2'), ('127', '05406', '侯芳', '三级主治医师', '1'), ('128', '03953', '侯志嘉', '三级主治医师', '10'), ('129', '04590', '黄瑶', '三级主治医师', '1'), ('130', '04592', '贾红艳', '三级主治医师', '2'), ('131', '05627', '贾力蕴', '三级主治医师', '3'), ('132', '05522', '李倩', '三级主治医师', '4'), ('133', '05738', '李仕明', '三级主治医师', '7'), ('134', '04616', '刘敬花', '三级主治医师', '2'), ('135', '05459', '莫宾', '三级主治医师', '2'), ('136', '04934', '裴雪婷', '三级主治医师', '6'), ('137', '05521', '杨琼', '三级主治医师', '1'), ('138', '05407', '赵国宏', '三级主治医师', '6'), ('139', '04860', '丁静文', '一级医师', '5'), ('140', '03918', '丁宁', '一级医师', '4'), ('141', '04591', '纪海霞', '一级医师', '4'), ('142', '04899', '李婧', '一级医师', '3'), ('143', '05509', '李丽', '一级医师', '4'), ('144', '05750', '马燕', '一级医师', '3'), ('145', '04435', '苗景鹏', '一级医师', '1'), ('146', '05754', '齐梦', '一级医师', '2'), ('147', '05871', '王开杰', '一级医师', '5'), ('148', '04183', '姚宁', '一级医师', '3'), ('149', '05800', '于静', '一级医师', '4'), ('150', '04990', '张慧', '一级医师', '6'), ('151', '04102', '张举', '一级医师', '2'), ('152', '05305', '张樱楠', '一级医师', '9'), ('153', '05820', '赵博文', '一级医师', '3'), ('154', '06262', '崔莹', '二级医师', '10'), ('155', '06263', '邓光达', '二级医师', '6'), ('156', '05952', '李亮', '二级医师', '7'), ('157', '06264', '孟昭君', '二级医师', '8'), ('158', '06009', '石砚', '二级医师', '9'), ('159', '05883', '王辉', '二级医师', '1'), ('160', '06292', '杨珂', '二级医师', '7'), ('161', '06091', '张熙芳', '二级医师', '8'), ('162', '05898', '陈蕊', '二级医师', '2'), ('163', '06377', '李洋', '二级医师', '2'), ('164', '06409', '刘佩佩', '二级医师', '1'), ('165', '06342', '王辉', '二级医师', '1'), ('166', '06069', '杨迪亚', '二级医师', '2'), ('167', '06374', '张烨', '二级医师', '3'), ('168', '06285', '周金琼', '二级医师', '5'), ('169', '06589', '郭婧', '', null), ('170', '06610', '麻婧', '', null), ('171', '06600', '马楠', '', null), ('172', '06481', '王怡', '', null), ('173', '06527', '杨帆', '', null), ('174', '06609', '张梦雨', '', null), ('175', '06488', '章征', '', null), ('176', '02172', '杨文利', '二级卫生主任技师', null), ('177', '00490', '廖斌', '二级卫生副主任技师', null), ('178', '02731', '王京辉', '三级卫生副主任技师', null), ('179', '02525', '黄静', '一级卫生主管技师', null), ('180', '02643', '周辉', '一级卫生主管技师', null), ('181', '00466', '付秋梅', '一级卫生主管技师', null), ('182', '00477', '缴威', '一级卫生主管技师', null), ('183', '02280', '成娟娟', '二级卫生主管技师', null), ('184', '00465', '刘静', '二级卫生主管技师', null), ('185', '04135', '孙省利', '二级卫生主管技师', null), ('186', '03458', '李栋军', '三级卫生主管技师', null), ('187', '02282', '李颖', '三级卫生主管技师', null), ('188', '02981', '松秀梅', '三级卫生主管技师', null), ('189', '04803', '张晶', '三级卫生主管技师', null), ('190', '05810', '张丽', '三级卫生主管技师', null), ('191', '06299', '赵琦', '三级卫生主管技师', null), ('192', '05128', '郑燕', '三级卫生主管技师', null), ('193', '03921', '董芳', '一级卫生技师', null), ('194', '05204', '霍妍佼', '一级卫生技师', null), ('195', '03960', '焦璇', '一级卫生技师', null), ('196', '02732', '刘守彬', '一级卫生技师', null), ('197', '05448', '柳静', '一级卫生技师', null), ('198', '04010', '吕梦', '一级卫生技师', null), ('199', '02276', '王玥', '一级卫生技师', null), ('200', '02827', '熊颖', '一级卫生技师', null), ('201', '04989', '张丛', '一级卫生技师', null), ('202', '04108', '张微', '一级卫生技师', null), ('203', '03346', '赵明', '一级卫生技师', null), ('204', '04144', '赵世强', '一级卫生技师', null), ('205', '06142', '陈伟', '二级卫生技师', null), ('206', '03615', '胡雅斌', '二级卫生技师', null), ('207', '05974', '刘倩', '二级卫生技师', null), ('208', '06043', '王子杨', '二级卫生技师', null), ('209', '01981', '张秋露', '', null), ('210', '02830', '王俊健', '一级卫生技师', null), ('211', '02513', '王立', '一级卫生技师', null), ('212', '01982', '严伟', '一级卫生技师', null), ('213', '06343', '崔蕊', '二级卫生技师', null), ('214', '06393', '李逸丰', '二级卫生技师', null), ('215', '06426', '沈琳', '二级卫生技师', null), ('216', '00464', '刘淑贤', '三级主任护师', null), ('217', '00480', '董桂霞', '二级副主任护师', null), ('218', '00790', '马小青', '二级副主任护师', null), ('219', '00288', '王谦', '二级副主任护师', null), ('220', '02277', '郭彦', '一级主管护师', null), ('221', '00514', '李春玲', '一级主管护师', null), ('222', '00515', '马张芳', '一级主管护师', null), ('223', '02274', '魏宁', '一级主管护师', null), ('224', '02108', '张馨蓓', '一级主管护师', null), ('225', '00498', '张颖', '一级主管护师', null), ('226', '00436', '赵亚辉', '一级主管护师', null), ('227', '02273', '周丽娟', '一级主管护师', null), ('228', '02801', '窦燕琦', '二级主管护师', null), ('229', '02797', '霍震', '二级主管护师', null), ('230', '03169', '刘敬楠', '二级主管护师', null), ('231', '03042', '马来玉', '二级主管护师', null), ('232', '02092', '沙颖', '二级主管护师', null), ('233', '00494', '尚兰兰', '二级主管护师', null), ('234', '00470', '孙力', '二级主管护师', null), ('235', '02664', '杨慧', '二级主管护师', null), ('236', '03495', '张宛侠', '二级主管护师', null), ('237', '02113', '赵雁', '二级主管护师', null), ('238', '04271', '陈丽云', '三级主管护师', null), ('239', '03007', '陆立新', '三级主管护师', null), ('240', '03540', '马晓薇', '三级主管护师', null), ('241', '05164', '唐丹', '三级主管护师', null), ('242', '04054', '王晶雪', '三级主管护师', null), ('243', '00495', '王静', '三级主管护师', null), ('244', '05096', '王文鲜', '三级主管护师', null), ('245', '03492', '包琦', '一级护师', null), ('246', '01980', '卜佳', '一级护师', null), ('247', '03720', '曹栩', '一级护师', null), ('248', '00160', '陈婵娟', '一级护师', null), ('249', '00716', '程军', '一级护师', null), ('250', '00468', '丁玉兰', '一级护师', null), ('251', '04178', '郭宏文', '一级护师', null), ('252', '05137', '胡颖', '一级护师', null), ('253', '03561', '黄馨颖', '一级护师', null), ('254', '03544', '金颖', '一级护师', null), ('255', '03608', '井卉', '一级护师', null), ('256', '05343', '李海英', '一级护师', null), ('257', '02798', '李培', '一级护师', null), ('258', '04299', '李莎莎', '一级护师', null), ('259', '03830', '李娅', '一级护师', null), ('260', '05535', '李岩岩', '一级护师', null), ('261', '03500', '梁静', '一级护师', null), ('262', '02278', '刘鸿', '一级护师', null), ('263', '00497', '刘静', '一级护师', null), ('264', '03170', '刘然', '一级护师', null), ('265', '05472', '马丹', '一级护师', null), ('266', '03645', '马贵娥', '一级护师', null), ('267', '04173', '秦娜', '一级护师', null), ('268', '03607', '申鑫', '一级护师', null), ('269', '04765', '石岩', '一级护师', null), ('270', '00510', '宋静', '一级护师', null), ('271', '05338', '王贺', '一级护师', null), ('272', '03650', '王蕾', '一级护师', null), ('273', '03507', '王丽', '一级护师', null), ('274', '03542', '王琳', '一级护师', null), ('275', '04156', '王帅', '一级护师', null), ('276', '02793', '吴亚丽', '一级护师', null), ('277', '01979', '武向红', '一级护师', null), ('278', '03168', '杨晓平', '一级护师', null), ('279', '03832', '于莉莉', '一级护师', null), ('280', '03498', '臧小为', '一级护师', null), ('281', '00469', '张帆', '一级护师', null), ('282', '02578', '张炜', '一级护师', null), ('283', '05142', '张馨宇', '一级护师', null), ('284', '02663', '张雪梅', '一级护师', null), ('285', '03547', '张艳苹', '一级护师', null), ('286', '03649', '张媛媛', '一级护师', null), ('287', '04361', '朱蕾', '一级护师', null), ('288', '02091', '邹芳霞', '一级护师', null), ('289', '05355', '单晶', '二级护师', null), ('290', '06114', '宋薇', '二级护师', null), ('291', '03550', '王诏华', '二级护师', null), ('292', '03008', '陈轶楠', '一级护师', null), ('293', '03131', '陈迎', '一级护师', null), ('294', '03503', '董鲜仙', '一级护师', null), ('295', '05353', '高静', '一级护师', null), ('296', '00270', '勾亚男', '一级护师', null), ('297', '02272', '计雪云', '一级护师', null), ('298', '03300', '贾真', '一级护师', null), ('299', '04599', '李红月', '一级护师', null), ('300', '02285', '李静', '一级护师', null), ('301', '03978', '李倩', '一级护师', null), ('302', '03171', '刘晋', '一级护师', null), ('303', '02095', '刘静', '一级护师', null), ('304', '03543', '刘娟', '一级护师', null), ('305', '03222', '刘琳', '一级护师', null), ('306', '04001', '刘莎', '一级护师', null), ('307', '03609', '刘怡', '一级护师', null), ('308', '02665', '刘颖', '一级护师', null), ('309', '04013', '马静', '一级护师', null), ('310', '04016', '马楠', '一级护师', null), ('311', '02990', '门宇', '一级护师', null), ('312', '03647', '商静', '一级护师', null), ('313', '04633', '沈文娟', '一级护师', null), ('314', '04639', '苏畅', '一级护师', null), ('315', '04645', '唐文觅', '一级护师', null), ('316', '03304', '万伟宁', '一级护师', null), ('317', '01975', '王爱华', '一级护师', null), ('318', '04367', '王琛', '一级护师', null), ('319', '03541', '王帆', '一级护师', null), ('320', '04773', '王冠一', '一级护师', null), ('321', '04333', '王宁', '一级护师', null), ('322', '02284', '王延红', '一级护师', null), ('323', '03548', '王祎', '一级护师', null), ('324', '05556', '王影', '一级护师', null), ('325', '03305', '夏静', '一级护师', null), ('326', '04660', '邢琳', '一级护师', null), ('327', '02279', '杨健', '一级护师', null), ('328', '04472', '杨萌', '一级护师', null), ('329', '05549', '杨娜', '一级护师', null), ('330', '03646', '杨宁', '一级护师', null), ('331', '04095', '于佳', '一级护师', null), ('332', '04672', '苑亚南', '一级护师', null), ('333', '03545', '张萌', '一级护师', null), ('334', '02666', '张岩', '一级护师', null), ('335', '04111', '张瑶青', '一级护师', null), ('336', '01978', '赵小玲', '一级护师', null), ('337', '04122', '郑松', '一级护师', null), ('338', '05134', '左丹', '一级护师', null), ('339', '05686', '曹欢', '二级护师', null), ('340', '03546', '崔杰', '二级护师', null), ('341', '05700', '杜蕊', '二级护师', null), ('342', '03938', '高雪丽', '二级护师', null), ('343', '05707', '管梦', '二级护师', null), ('344', '05932', '郭雅琪', '二级护师', null), ('345', '04587', '郝红颖', '二级护师', null), ('346', '04725', '胡锐', '二级护师', null), ('347', '03958', '贾春曼', '二级护师', null), ('348', '03513', '金梦', '二级护师', null), ('349', '04894', '康越', '二级护师', null), ('350', '04736', '李丹', '二级护师', null), ('351', '04293', '李靖文', '二级护师', null), ('352', '04604', '李荣荣', '二级护师', null), ('353', '04905', '李婷', '二级护师', null), ('354', '04456', '李文静', '二级护师', null), ('355', '04460', '刘娜', '二级护师', null), ('356', '04308', '刘笑辰', '二级护师', null), ('357', '05567', '柳来龙', '二级护师', null), ('358', '05588', '吕岫葳', '二级护师', null), ('359', '04018', '马小杰', '二级护师', null), ('360', '03671', '潘杰', '二级护师', null), ('361', '05237', '庞莹莹', '二级护师', null), ('362', '04026', '乔辉', '二级护师', null), ('363', '05760', '盛琬', '二级护师', null), ('364', '05543', '师秀娟', '二级护师', null), ('365', '05244', '石月', '二级护师', null), ('366', '04635', '宋金亮', '二级护师', null), ('367', '04038', '孙俊晔', '二级护师', null), ('368', '04946', '孙宇迪', '二级护师', null), ('369', '04648', '王晨', '二级护师', null), ('370', '05768', '王红云', '二级护师', null), ('371', '04331', '王瑾', '二级护师', null), ('372', '05261', '王可', '二级护师', null), ('373', '06038', '王雅', '二级护师', null), ('374', '06045', '魏洁', '二级护师', null), ('375', '04658', '肖瑶', '二级护师', null), ('376', '04967', '修晨', '二级护师', null), ('377', '04968', '徐佳佳', '二级护师', null), ('378', '05565', '杨杰', '二级护师', null), ('379', '04671', '于静', '二级护师', null), ('380', '04479', '张晶', '二级护师', null), ('381', '04992', '张萌', '二级护师', null), ('382', '05300', '张楠', '二级护师', null), ('383', '05003', '张颖', '二级护师', null), ('384', '05005', '赵超', '二级护师', null), ('385', '05821', '赵梦楠', '二级护师', null), ('386', '05010', '郑文亚', '二级护师', null), ('387', '02658', '周朋', '二级护师', null), ('388', '04868', '冯家颖', '护士', null), ('389', '05953', '李珊', '护士', null), ('390', '05954', '李爽', '护士', null), ('391', '05959', '李新彤', '护士', null), ('392', '05992', '孟轩', '护士', null), ('393', '05994', '孟雨柔', '护士', null), ('394', '06026', '王春晖', '护士', null), ('395', '06058', '徐巧玉', '护士', null), ('396', '05297', '张富华', '护士', null), ('397', '05909', '程然', '护士', null), ('398', '04444', '曹雪', '护士', null), ('399', '06201', '刘扬', '护士', null), ('400', '05987', '芦芮', '护士', null), ('401', '06208', '彭晓娟', '护士', null), ('402', '06029', '王佳琦', '护士', null), ('403', '05541', '王艳', '护士', null), ('404', '05803', '于子予', '护士', null), ('405', '06245', '张思', '护士', null), ('406', '06256', '赵冉', '护士', null), ('407', '06389', '蔡美玲', '', null), ('408', '06312', '韩洁', '', null), ('409', '06315', '李晶晶', '', null), ('410', '06410', '吕蔷', '', null), ('411', '06316', '阮继铭', '', null), ('412', '06321', '王晓桐', '', null), ('413', '06352', '杨烁', '', null), ('414', '06337', '张晴', '', null), ('415', '06338', '张晓晗', '', null), ('416', '06375', '甄雯雨', '', null);
COMMIT;

-- ----------------------------
--  Table structure for `doctor_group`
-- ----------------------------
DROP TABLE IF EXISTS `doctor_group`;
CREATE TABLE `doctor_group` (
  `id` int(11) NOT NULL AUTO_INCREMENT,
  `name` varchar(255) DEFAULT NULL,
  PRIMARY KEY (`id`)
) ENGINE=InnoDB AUTO_INCREMENT=11 DEFAULT CHARSET=utf8;

-- ----------------------------
--  Records of `doctor_group`
-- ----------------------------
BEGIN;
INSERT INTO `doctor_group` VALUES ('1', '青光眼'), ('2', '角膜'), ('3', '白内障'), ('4', '眼肌'), ('5', '眼整形'), ('6', '眼外伤'), ('7', '眼底'), ('8', '眼肿瘤'), ('9', '眼屈光'), ('10', '眼综合');
COMMIT;

-- ----------------------------
--  Table structure for `record`
-- ----------------------------
DROP TABLE IF EXISTS `record`;
CREATE TABLE `record` (
  `id` int(11) NOT NULL AUTO_INCREMENT,
  `history_num` varchar(255) DEFAULT NULL,
  `type` varchar(255) DEFAULT NULL,
  `name` varchar(255) DEFAULT NULL,
  `sex` varchar(255) DEFAULT NULL,
  `age` int(11) DEFAULT NULL,
  `eye` varchar(255) DEFAULT NULL,
  `place` varchar(255) DEFAULT NULL,
  `date` date DEFAULT NULL,
  `inputer_id` int(11) DEFAULT NULL,
  PRIMARY KEY (`id`),
  KEY `user_id` (`inputer_id`),
  CONSTRAINT `user_id` FOREIGN KEY (`inputer_id`) REFERENCES `user` (`id`) ON DELETE CASCADE
) ENGINE=InnoDB AUTO_INCREMENT=32 DEFAULT CHARSET=utf8;

-- ----------------------------
--  Records of `record`
-- ----------------------------
BEGIN;
INSERT INTO `record` VALUES ('27', '0000000000', '门诊', '张三丰1', '男', '12', '左', '西区', '2017-08-28', '1'), ('28', '0000000000', '门诊', '花无缺', '男', '23', '右', '南区', '2017-08-28', '1'), ('30', '0000000000', '门诊', '张三', '男', '24', '左', '西区', '2017-08-28', '1'), ('31', '0000000000', '门诊', '李四', '男', '23', '左', '西区', '2017-08-28', '1');
COMMIT;

-- ----------------------------
--  Table structure for `record_doctor`
-- ----------------------------
DROP TABLE IF EXISTS `record_doctor`;
CREATE TABLE `record_doctor` (
  `id` int(10) NOT NULL AUTO_INCREMENT,
  `record_id` int(11) DEFAULT NULL,
  `doctor_id` int(11) DEFAULT NULL,
  `doctor_type` varchar(255) DEFAULT NULL COMMENT '术者/助手',
  `doctor_salary_num` varchar(255) DEFAULT NULL,
  `doctor_name` varchar(255) DEFAULT NULL,
  `doctor_level` varchar(255) DEFAULT NULL,
  `doctor_score` double(11,2) DEFAULT '0.00',
  `date` date DEFAULT NULL,
  `doctor_group_id` int(11) DEFAULT NULL,
  `doctor_group_name` varchar(255) DEFAULT NULL,
  PRIMARY KEY (`id`),
  KEY `record_id` (`record_id`),
  KEY `doctor_id` (`doctor_id`),
  KEY `doctor_group_id` (`doctor_group_id`),
  CONSTRAINT `dg_group_id` FOREIGN KEY (`doctor_group_id`) REFERENCES `doctor_group` (`id`),
  CONSTRAINT `rd_doctor_id` FOREIGN KEY (`doctor_id`) REFERENCES `doctor` (`id`) ON DELETE CASCADE,
  CONSTRAINT `rd_record_id` FOREIGN KEY (`record_id`) REFERENCES `record` (`id`) ON DELETE CASCADE
) ENGINE=InnoDB AUTO_INCREMENT=186 DEFAULT CHARSET=utf8;

-- ----------------------------
--  Records of `record_doctor`
-- ----------------------------
BEGIN;
INSERT INTO `record_doctor` VALUES ('169', '27', '50', '术者', '03337', '傅涛', '二级副主任医师', '12.00', '2017-08-28', '5', '眼整形'), ('170', '27', '39', '术者', '03165', '董喆', '一级副主任医师', '12.00', '2017-08-28', '3', '白内障'), ('171', '27', '16', '助手', '02368', '王荣光', '二级主任医师', '15.00', '2017-08-28', '1', '青光眼'), ('172', '27', '30', '助手', '00500', '齐颖', '三级主任医师', '15.00', '2017-08-28', '7', '眼底'), ('173', '27', '72', '助手', '03979', '李松峰', '三级副主任医师', '12.00', '2017-08-28', '1', '青光眼'), ('174', '28', '100', '术者', '04139', '孙阿莉', '一级主治医师', '6.00', '2017-08-28', '9', '眼屈光'), ('175', '28', '43', '术者', '03360', '翟长斌', '一级副主任医师', '8.00', '2017-08-28', '3', '白内障'), ('176', '28', '50', '助手', '03337', '傅涛', '二级副主任医师', '8.00', '2017-08-28', '5', '眼整形'), ('177', '28', '37', '助手', '03719', '朱思泉', '三级主任医师', '10.00', '2017-08-28', '1', '青光眼'), ('184', '30', '53', '术者', '03064', '韩崧', '二级副主任医师', '8.00', '2017-08-28', '9', '眼屈光'), ('185', '31', '50', '术者', '03337', '傅涛', '二级副主任医师', '6.00', '2017-08-28', '4', '眼肌');
COMMIT;

-- ----------------------------
--  Table structure for `record_surgery`
-- ----------------------------
DROP TABLE IF EXISTS `record_surgery`;
CREATE TABLE `record_surgery` (
  `id` int(10) NOT NULL AUTO_INCREMENT,
  `record_id` int(11) DEFAULT NULL,
  `surgery_id` int(11) DEFAULT NULL,
  PRIMARY KEY (`id`),
  KEY `record_id` (`record_id`),
  KEY `surgery_id` (`surgery_id`),
  CONSTRAINT `rs_record_id` FOREIGN KEY (`record_id`) REFERENCES `record` (`id`) ON DELETE CASCADE,
  CONSTRAINT `rs_surgery_id` FOREIGN KEY (`surgery_id`) REFERENCES `surgery` (`id`) ON DELETE CASCADE
) ENGINE=InnoDB AUTO_INCREMENT=122 DEFAULT CHARSET=utf8;

-- ----------------------------
--  Records of `record_surgery`
-- ----------------------------
BEGIN;
INSERT INTO `record_surgery` VALUES ('112', '27', '5'), ('113', '27', '24'), ('114', '27', '7'), ('115', '28', '7'), ('116', '28', '8'), ('117', '28', '16'), ('120', '30', '6'), ('121', '31', '77');
COMMIT;

-- ----------------------------
--  Table structure for `surgery`
-- ----------------------------
DROP TABLE IF EXISTS `surgery`;
CREATE TABLE `surgery` (
  `id` int(11) NOT NULL AUTO_INCREMENT,
  `code` varchar(255) DEFAULT NULL,
  `name` varchar(255) DEFAULT NULL,
  `alias` varchar(255) DEFAULT NULL,
  `price` double(10,2) DEFAULT NULL,
  `category` varchar(255) DEFAULT NULL,
  `charge_code` varchar(255) DEFAULT NULL,
  `charge_name` varchar(255) DEFAULT NULL,
  `charge_count` double(255,1) DEFAULT NULL,
  `charge_price` double(10,2) DEFAULT NULL,
  `extra_price` double(10,2) DEFAULT NULL,
  `level` varchar(255) DEFAULT '',
  PRIMARY KEY (`id`)
) ENGINE=InnoDB AUTO_INCREMENT=261 DEFAULT CHARSET=utf8;

-- ----------------------------
--  Records of `surgery`
-- ----------------------------
BEGIN;
INSERT INTO `surgery` VALUES ('1', 'ZF3059080', '硅油取出术', '/GYQCS/ZF3059080/3059080', '763.00', '眼科手术', 'ZF3059080', '(丙)硅油取出术', '1.0', '763.00', '0.00', '一级'), ('2', '330401006', '睑退缩矫正术', '/JTSJZS/330401006', '390.00', '眼科手术', '330401006', '(甲)睑退缩矫正术', '1.0', '390.00', '0.00', '二级'), ('3', '330401009', '睑裂缝合术', '/JLFHS/330401009', '66.00', '眼科手术', '330401009', '(甲)睑裂缝合术', '1.0', '66.00', '0.00', '三级'), ('4', '330401012', '重睑成形术', '/CJCXS/ZJCXS/330401012', '98.00', '眼科手术', '330401012', '(甲)重睑成形术', '1.0', '98.00', '0.00', '四级'), ('5', '330401016', '内外眦成形术', '/NWZCXS/330401016', '148.00', '眼科手术', '330401016', '(甲)内外眦成形术', '1.0', '148.00', '0.00', '五级'), ('6', '330405001', '虹膜全切除术', '/HMQQCS/330405001', '312.00', '眼科手术', '330405001', '(甲)虹膜全切除术', '1.0', '312.00', '0.00', '四级'), ('7', '3304050121', '前房成形术', '/QFCXS/3304050121', '312.00', '眼科手术', '330405012', '(甲)前房成形术', '1.0', '312.00', '0.00', '四级'), ('8', '330406012', '人工晶体取出术', '/RGJTQCS/330406012', '983.00', '眼科手术', '330406012', '(甲)人工晶体取出术', '1.0', '983.00', '0.00', '一级'), ('9', '330409005', '眼球裂伤缝合术', '/YQLSFHS/330409005', '98.00', '眼科手术', '330409005', '(甲)眼球裂伤缝合术', '1.0', '98.00', '0.00', '五级'), ('10', '330409017', '眼窝填充术', '/YWTCS/330409017', '296.00', '眼科手术', '330409017', '(甲)眼窝填充术', '1.0', '296.00', '0.00', '二级'), ('11', '330409021', '眶膈修补术', '/KGXBS/330409021', '796.00', '眼科手术', '330409021', '(甲)眶膈修补术', '1.0', '796.00', '0.00', '五级'), ('12', 'W0408000001', '睑内翻矫正术', '/JNF/JNFJZS/W0408000001/408000001', '98.00', '眼科手术', 'W0408000001', '(甲)睑内翻矫正术', '1.0', '98.00', '0.00', '二级'), ('13', 'W0408000002', '外翻缝线矫正术', '/WFFX/WFFXJZS/W0408000002/408000002', '83.00', '眼科手术', 'W0408000002', '(甲)外翻缝线矫正术', '1.0', '83.00', '0.00', '二级'), ('14', 'W0408000003', '小肿物切除', '/XZW/XZWQC/W0408000003/408000003', '66.00', '眼科手术', 'W0408000003', '(甲)小肿物切除', '1.0', '66.00', '0.00', '五级'), ('15', 'W0408000004', '胬肉单纯切除术', '/NRDC/NRDCQCS/W0408000004/408000004', '66.00', '眼科手术', 'W0408000004', '(甲)胬肉单纯切除术', '1.0', '66.00', '0.00', '四级'), ('16', 'W0408000005', '眼睑结膜裂伤缝合术66', '/YJJM/YJJMLSFHS/W0408000005/408000005', '66.00', '眼科手术', 'W0408000005', '(甲)眼睑结膜裂伤缝合术', '1.0', '66.00', '0.00', '三级'), ('17', 'W0408000006', '结膜瓣掩盖术', '/JMBYG/JMBYGS/W0408000006/408000006', '109.00', '眼科手术', 'W0408000006', '(甲)结膜瓣掩盖术', '1.0', '109.00', '0.00', '五级'), ('18', 'W0408000007', '泪囊摘除术', '/LNZC/LNZCS/W0408000007/408000007', '98.00', '眼科手术', 'W0408000007', '(甲)泪囊摘除术', '1.0', '98.00', '0.00', '四级'), ('19', 'W04080000081', '眼科活检', '/YKHJ/w04080000081/4080000081', '66.00', '眼科手术', 'W0408000008', '(甲)眼科活检', '1.0', '66.00', '0.00', '五级'), ('20', 'w04080000082', '角膜病灶切除加碘烧术', '/JMBZQCJDSS/w04080000082/4080000082', '66.00', '眼科手术', 'W0408000008', '(甲)眼科活检', '1.0', '66.00', '0.00', '五级'), ('21', 'w04080000083', '角膜干细胞取材术', '/JMGXBQCS/w04080000083/4080000083', '66.00', '眼科手术', 'W0408000008', '(甲)眼科活检', '1.0', '66.00', '0.00', '三级'), ('22', 'w04080000084', '唇粘膜取材术', '/CNMQCS/w04080000084/4080000084', '66.00', '眼科手术', 'W0408000008', '(甲)眼科活检', '1.0', '66.00', '0.00', '三级'), ('23', 'w04080000085', '结膜取材术', '/JMQCS/w04080000085/4080000085', '66.00', '眼科手术', 'W0408000008', '(甲)眼科活检', '1.0', '66.00', '0.00', '五级'), ('24', 'W0408000009', '前房穿刺', '/QFCC/W0408000009/408000009', '66.00', '眼科手术', 'W0408000009', '(甲)前房穿刺', '1.0', '66.00', '0.00', '三级'), ('25', 'W04080000101', '虹膜贯穿术', '/HMGCS/W04080000101/4080000101', '98.00', '眼科手术', 'W0408000010', '(甲)虹膜贯穿术', '1.0', '98.00', '0.00', '三级'), ('26', 'W0408000011', '巩膜伤口探查术', '/GMSK/GMSKTCS/W0408000011/408000011', '98.00', '眼科手术', 'W0408000011', '(甲)巩膜伤口探查术', '1.0', '98.00', '0.00', '四级'), ('27', 'W04080000121', '刺开吸取术', '/CKXQ/CKXQS/W04080000121/4080000121', '140.00', '眼科手术', 'W0408000012', '(甲)刺开吸取术', '1.0', '140.00', '0.00', '三级'), ('28', 'w04080000122', '前房穿刺冲洗术', '/QFCCCXS/W04080000122/4080000122', '140.00', '眼科手术', 'W0408000012', '(甲)刺开吸取术', '1.0', '140.00', '0.00', '五级'), ('29', 'W0408000013', '前房注气术', '/QFZQ/QFZQS/W0408000013/408000013', '98.00', '眼科手术', 'W0408000013', '(甲)前房注气术', '1.0', '98.00', '0.00', '一级'), ('30', 'W0408000014', '深层角膜异物取出', '/SCJM/SCJMYWQC/W0408000014/408000014', '140.00', '眼科手术', 'W0408000014', '(甲)深层角膜异物取出', '1.0', '140.00', '0.00', '四级'), ('31', 'W04080000151', '眶前部肿物取出', '/KQBZW/KQBZWQC/W04080000151/4080000151', '172.00', '眼科手术', 'W0408000015', '(甲)眶前部肿物取出', '1.0', '172.00', '0.00', '一级'), ('32', 'W04080000152', '结膜肿物切除术', '/JMZWQCS/W04080000152/4080000152', '172.00', '眼科手术', 'W0408000015', '(甲)眶前部肿物取出', '1.0', '172.00', '0.00', '五级'), ('33', 'W04080000153', '角膜肿物切除术', '/JMZWQCS/W04080000153/4080000153', '172.00', '眼科手术', 'W0408000015', '(甲)眶前部肿物取出', '1.0', '172.00', '0.00', '三级'), ('34', 'W0408000016', '翼状胬肉转位术', '/YZNR/YZNRZWS/W0408000016/408000016', '131.00', '眼科手术', 'W0408000016', '(甲)翼状胬肉转位术', '1.0', '131.00', '0.00', '一级'), ('35', 'W0408000017', '人工泪管植入术', '/RGLG/RGLGZRS/W0408000017/408000017', '265.00', '眼科手术', 'W0408000017', '(甲)人工泪管植入术', '1.0', '265.00', '0.00', '一级'), ('36', 'W0408000018', '抗青光眼类手术', '/KQGYL/KQGYLSS/W0408000018/408000018', '351.00', '眼科手术', 'W0408000018', '(甲)抗青光眼类手术', '1.0', '351.00', '0.00', '四级'), ('37', 'W0408000019', '眼球摘除术', '/YQZC/YQZCS/W0408000019/408000019', '312.00', '眼科手术', 'W0408000019', '(甲)眼球摘除术', '1.0', '312.00', '0.00', '五级'), ('38', 'W0408000020', '眼内容剜出术', '/YNRWC/YNRWCS/W0408000020/408000020', '203.00', '眼科手术', 'W0408000020', '(甲)眼内容剜出术', '1.0', '203.00', '0.00', '三级'), ('39', 'W0408000021', '光学虹膜切除术', '/GXHM/GXHMQCS/YAGHM/GXHM/HMZBQCS/W0408000021/408000021', '312.00', '眼科手术', 'W0408000021', '(甲)光学虹膜切除术', '1.0', '312.00', '0.00', '五级'), ('40', 'W0408000022', '泪小管吻合术', '/LXGWH/LXGWHS/W0408000022/408000022', '265.00', '眼科手术', 'W0408000022', '(甲)泪小管吻合术', '1.0', '265.00', '0.00', '三级'), ('41', 'W04080000231', '白内障类手术', '/BNZL/BNZLSS/W04080000231/4080000231', '390.00', '眼科手术', 'W0408000023', '(甲)白内障类手术', '1.0', '390.00', '0.00', '四级'), ('42', 'W04080000232', '白内障类手术（ECCE术）', '/BNZLSS/ECCE/W04080000232/4080000232', '390.00', '眼科手术', 'W0408000023', '(甲)白内障类手术', '1.0', '390.00', '0.00', '三级'), ('43', 'W0408000024', '球内、眶内异物取出术', '/QNKN/QNKNYWQCS/W0408000024/W0408000024/W0408000024/408000024', '390.00', '眼科手术', 'W0408000024', '(甲)球内、眶内异物取出术', '1.0', '390.00', '0.00', '五级'), ('44', 'W0408000025', '上睑下垂矫正术', '/SJXC/SJXCJZS/W0408000025/408000025', '296.00', '眼科手术', 'W0408000025', '(甲)上睑下垂矫正术', '1.0', '296.00', '0.00', '五级'), ('45', 'W0408000026', '斜视矫正术', '/XSJZ/XSJZS/W0408000026/408000026', '296.00', '眼科手术', 'W0408000026', '(丙)斜视矫正术', '1.0', '296.00', '0.00', '五级'), ('46', 'W0408000027', '眼睑结膜囊整形术390', '/YJJMN/YJJMNZXS/W0408000027/408000027', '390.00', '眼科手术', 'W0408000027', '(甲)眼睑、结膜囊整形术', '1.0', '390.00', '0.00', '三级'), ('47', 'W0408000028', '鼻腔泪囊吻合术', '/BQLN/BQLNWHS/W0408000028/408000028', '328.00', '眼科手术', 'W0408000028', '(甲)鼻腔泪囊吻合术', '1.0', '328.00', '0.00', '五级'), ('48', 'W04080000291', '青光眼冷冻术', '/QGYLD/QGYLDS/W04080000291/4080000291', '234.00', '眼科手术', 'W0408000029', '(甲)青光眼冷冻术', '1.0', '234.00', '0.00', '三级'), ('49', 'W04080000292', '睫状体冷冻术', '/JZTLDS/W04080000292/4080000292', '234.00', '眼科手术', 'W0408000029', '(甲)青光眼冷冻术', '1.0', '234.00', '0.00', '一级'), ('50', 'W04080000301', '玻璃体切割术', '/BLTQCS/BLTQGS/W04080000301/4080000301', '983.00', '眼科手术', 'W0408000030', '(甲)玻璃体切割术', '1.0', '983.00', '0.00', '五级'), ('51', 'W04080000303', '前部玻璃体切割术', '/BLTQCS/QBBLTQCS/QBBLTQGS/W04080000303/4080000303', '983.00', '眼科手术', 'W0408000030', '(甲)玻璃体切割术', '1.0', '983.00', '0.00', '一级'), ('52', 'W04080000302', '玻璃体切割类手术加收（玻切机）', '/PLTQCS/BLTQGLSSJS/BQJ/W04080000302/4080000302', '1000.00', '眼科手术', 'W04080000302', '(甲)玻璃体切割类手术加收(玻切机)', '1.0', '1000.00', '0.00', '五级'), ('53', 'W0408000031', '视网膜脱离手术', '/SWMTL/SWMTLSS/W0408000031/408000031', '983.00', '眼科手术', 'W0408000031', '(甲)视网膜脱离手术', '1.0', '983.00', '0.00', '一级'), ('54', 'W0408000032', '非磁性异物取出术', '/FCXYW/FCXYWQCS/W0408000032/408000032', '983.00', '眼科手术', 'W0408000032', '(甲)非磁性异物取出术', '1.0', '983.00', '0.00', '五级'), ('55', 'W04080000331', '角膜移殖术', '/JMYZ/JMYZS/W04080000331/4080000331', '983.00', '眼科手术', 'W0408000033', '(甲)角膜移殖术', '1.0', '983.00', '0.00', '一级'), ('56', 'W04080000332', '角膜层间烧烙术', '/JMCJSLS/W04080000332/4080000332', '983.00', '眼科手术', 'W0408000033', '(甲)角膜移殖术', '1.0', '983.00', '0.00', '一级'), ('57', 'W04080000333', '角膜移殖术（羊膜移植）', '/JMYZS/YMYZ/W04080000333/4080000333', '983.00', '眼科手术', 'W0408000033', '(甲)角膜移殖术', '1.0', '983.00', '0.00', '一级'), ('58', 'W04080000334', '角膜移植术（人工角膜）', '/JMYZS/RGJM/W04080000334/4080000334', '983.00', '眼科手术', 'W0408000033', '(甲)角膜移殖术', '1.0', '983.00', '0.00', '五级'), ('59', 'W04080000337', '翼状胬肉切除联合自体干细胞移植', '/YZNRQCLHZTGXBYZ/W04080000337/4080000337', '983.00', '眼科手术', 'W0408000033', '(甲)角膜移殖术', '1.0', '983.00', '0.00', '一级'), ('60', 'W04080000338', '板层角膜移植术', '/BCJMYZS/W04080000338/4080000338', '983.00', '眼科手术', 'W0408000033', '(甲)角膜移殖术', '1.0', '983.00', '0.00', '五级'), ('61', 'W04080000339', '深板层角膜移植术', '/SBCJMYZS/W04080000339/4080000339', '983.00', '眼科手术', 'W0408000033', '(甲)角膜移殖术', '1.0', '983.00', '0.00', '五级'), ('62', 'W04080000340', '角膜缘移植术', '/JMYYZS/W04080000340/4080000340', '983.00', '眼科手术', 'W0408000033', '(甲)角膜移殖术', '1.0', '983.00', '0.00', '四级'), ('63', 'W04080000341', '角膜供体取材术', '/JMNPQCS/JMGTQCS/W04080000341/4080000341', '983.00', '眼科手术', 'W0408000033', '(甲)角膜移殖术', '1.0', '983.00', '0.00', '五级'), ('64', 'W0408000034', '深部眶内肿物取出术', '/SBKNZW/SBKNZWQCS/W0408000034/408000034', '983.00', '眼科手术', 'W0408000034', '(甲)深部眶内肿物取出术', '1.0', '983.00', '0.00', '四级'), ('65', 'W0408000035', '睫状体复位术', '/JZTFW/JZTFWS/W0408000035/408000035', '983.00', '眼科手术', 'W0408000035', '(甲)睫状体复位术', '1.0', '983.00', '0.00', '四级'), ('66', 'W04080000361', '人工晶体植入术', '/RGJTZR/RGJTZRS/W04080000361/4080000361', '983.00', '眼科手术', 'W0408000036', '(甲)人工晶体植入术', '1.0', '983.00', '0.00', '三级'), ('67', 'W04080000362', '张力环植入术', '/RGJTZR/ZLHZRS/W04080000362/4080000362', '983.00', '眼科手术', 'W0408000036', '(甲)人工晶体植入术', '1.0', '983.00', '0.00', '二级'), ('68', 'W0408000037', '眶内容剜出术', '/KNRWC/KNRWCS/W0408000037/408000037', '827.00', '眼科手术', 'W0408000037', '(甲)眶内容剜出术', '1.0', '827.00', '0.00', '五级'), ('69', 'W0408000038', '晶体切割术', '/JTQGS/JTQCS/W0408000038/408000038', '655.00', '眼科手术', 'W0408000038', '(甲)晶体切割术', '1.0', '655.00', '0.00', '二级'), ('70', 'W0408000039', '霰粒肿切除', '/SLZQC/XLZQC/W0408000039/408000039', '66.00', '眼科手术', 'W0408000039', '(甲)霰粒肿切除', '1.0', '66.00', '0.00', '一级'), ('71', 'W0408000040', '眼球摘除真皮脂肪（硅胶球）植入术', '/YQZC/YQZCZPZFGJQZRS/W0408000040/408000040', '328.00', '眼科手术', 'W0408000040', '(甲)眼球摘除真皮脂肪(硅胶球)植入术', '1.0', '328.00', '0.00', '五级'), ('72', 'W0408000041', '角膜裂伤缝合术', '/JMLS/JMLSFHS/W0408000041/408000041', '98.00', '眼科手术', 'W0408000041', '(甲)角膜裂伤缝合术', '1.0', '98.00', '0.00', '三级'), ('73', 'W0408000042', '泪小管切开', '/LXGQK/W0408000042/408000042', '66.00', '眼科手术', 'W0408000042', '(甲)泪小管切开', '1.0', '66.00', '0.00', '三级'), ('74', 'W0408000043', '沙眼磨擦挤压术', '/SYMC/SYMCJYS/W0408000043/408000043', '66.00', '眼科手术', 'W0408000043', '(甲)沙眼磨擦挤压术', '1.0', '66.00', '0.00', '四级'), ('75', 'W0408000044', '玻璃体注药术98', '/BLTZY/BLTZYS/W0408000044/408000044', '98.00', '眼科手术', 'W0408000044', '(甲)玻璃体注药术', '1.0', '98.00', '0.00', '三级'), ('76', 'W04080000451', '角巩膜伤口修补术', '/JGMSK/JGMSKXBS/W0408000045/W04080000451/4080000451', '98.00', '眼科手术', 'W0408000045', '(甲)角巩膜伤口修补术', '1.0', '98.00', '0.00', '一级'), ('77', 'W04080000452', '伤口修补术', '/SKXBS/W04080000452/4080000452', '98.00', '眼科手术', 'W0408000045', '(甲)角巩膜伤口修补术', '1.0', '98.00', '0.00', '三级'), ('78', 'W0408000046', '眼内光凝术', '/YNGNS/W0408000046/408000046', '234.00', '眼科手术', 'W0408000046', '(甲)眼内光凝术', '1.0', '234.00', '0.00', '四级'), ('79', 'W0408000047', '视网膜睫状体冷冻术', '/SWMJZT/SWMJZTLDS/W0408000047/408000047', '250.00', '眼科手术', 'W0408000047', '(甲)视网膜睫状体冷冻术', '1.0', '250.00', '0.00', '一级'), ('80', 'W0408000048', '上下睑先天或后天缺损修补术', '/SJQSXBS/XJQSXBS/SXJXTHHTQSXBS/W0408000048/408000048', '499.00', '眼科手术', 'W0408000048', '(甲)上下睑先天或后天缺损修补术', '1.0', '499.00', '0.00', '三级'), ('81', 'W04080000491', '青光眼硅管植入术', '/QGYGGZRS/GGZRS/W04080000491/4080000491', '1498.00', '眼科手术', 'W0408000049', '(甲)青光眼硅管植入术', '1.0', '1498.00', '0.00', '一级'), ('82', 'W04080000492', 'EXPRESS植入术', '/QGYGGZRS/EXPRESS/GGZRS/W04080000492/4080000492', '1498.00', '眼科手术', 'W0408000049', '(甲)青光眼硅管植入术', '1.0', '1498.00', '0.00', '二级'), ('83', 'W0408000050', '近视性放射状角膜切开术', '/JSXFSZJMQKS/FSXJMQKS/W0408000050/408000050', '499.00', '眼科手术', 'W0408000050', '(甲)近视性放射状角膜切开术', '1.0', '499.00', '0.00', '二级'), ('84', 'W0408000051', '眼眶严重畸形', '/YKYZQX/YKYZJX/W0408000051/408000051', '796.00', '眼科手术', 'W0408000051', '(甲)眼眶严重畸形', '1.0', '796.00', '0.00', '四级'), ('85', 'W0408000052', '视网膜冷冻加压术', '/SWMLD/SWMLDJYS/W0408000052/408000052', '499.00', '眼科手术', 'W0408000052', '(甲)视网膜冷冻加压术', '1.0', '499.00', '0.00', '一级'), ('86', 'W0408000053', '眼内肿物冷凝治疗', '/YNZWLN/YNZWLNZL/W0408000053/408000053', '47.00', '眼科手术', 'W0408000053', '(甲)眼内肿物冷凝治疗', '1.0', '47.00', '0.00', '二级'), ('87', 'W0408000054', '玻璃体切割硅油充填术', '/BLTQCGYCTS/BLTQGGYCTS/GYTCS/W0408000054/408000054', '1092.00', '眼科手术', 'W0408000054', '(甲)玻璃体切割硅油充填术', '1.0', '1092.00', '0.00', '四级'), ('88', 'W0408000055', '视神经管开放减压术', '/SSJGKF/SSJGKFJYS/W0408000055/408000055', '998.00', '眼科手术', 'W0408000055', '(甲)视神经管开放减压术', '1.0', '998.00', '0.00', '五级'), ('89', 'W0408000056', '眼眶骨、上颌骨折复位术', '/YKGSHGZFWS/YKGZFWS/SHGZFWS/W0408000056/408000056', '998.00', '眼科手术', 'W0408000056', '(甲)眼眶骨、上颌骨折复位术', '1.0', '998.00', '0.00', '一级'), ('90', 'W0408000057', '视网膜冷冻术', '/SWMLD/SWMLDS/W0408000057/408000057', '156.00', '眼科手术', 'W0408000057', '(甲)视网膜冷冻术', '1.0', '156.00', '0.00', '二级'), ('91', 'W0408000058', '人工晶体睫状沟固定术', '/RGJT/RGJTJZGGDS/W0408000058/408000058', '608.00', '眼科手术', 'W0408000058', '(甲)人工晶体睫状沟固定术', '1.0', '608.00', '0.00', '二级'), ('92', 'W0408000059', '唇粘膜移植联合板合板层角膜移植', '/CNMYZLHBHBCJMYZ/BCJMYZ/W0408000059/408000059', '780.00', '眼科手术', 'W0408000059', '(甲)唇粘膜移植联合板合板层角膜移植', '1.0', '780.00', '0.00', '四级'), ('93', 'W0408000060', '房角分离前房成形术', '/FJFL/FJFLQFCXS/W0408000060/408000060', '312.00', '眼科手术', 'W0408000060', '(甲)房角分离前房成形术', '1.0', '312.00', '0.00', '一级'), ('94', 'W0408000061', '表层角膜镜长术', '/BCJM/BCJMJCS/W0408000061/408000061', '998.00', '眼科手术', 'W0408000061', '(甲)表层角膜镜长术', '1.0', '998.00', '0.00', '二级'), ('95', 'W0408000062', '部分边缘板层角膜移植术', '/BFBY/BFBYBCJMYZS/W0408000062/408000062', '608.00', '眼科手术', 'W0408000062', '(甲)部分边缘板层角膜移植术', '1.0', '608.00', '0.00', '四级'), ('96', 'W0408000063', '巩膜外冷冻环扎术', '/GMWLD/GMWLDHZS/W0408000063/408000063', '296.00', '眼科手术', 'W0408000063', '(甲)巩膜外冷冻环扎术', '1.0', '296.00', '0.00', '五级'), ('97', 'W0408000064', '严重的软组织畸形眼窝成形术', '/YZDRZZJXYWCXS/YWCXS/W0408000064/408000064', '780.00', '眼科手术', 'W0408000064', '(甲)严重的软组织畸形眼窝成形术', '1.0', '780.00', '0.00', '四级'), ('98', 'W0408000065', '眶壁骨折整复术', '/KBGZ/KBGZZFS/W0408000065/408000065', '608.00', '眼科手术', 'W0408000065', '(甲)眶壁骨折整复术', '1.0', '608.00', '0.00', '一级'), ('99', 'W04080000661', '泪管疏通术', '/LGST/LGSTS/W04080000661/4080000661', '172.00', '眼科手术', 'W0408000066', '(甲)泪管疏通术', '1.0', '172.00', '0.00', '五级'), ('100', 'W04080000662', '泪小点栓塞术', '/LXDSSS/W04080000662/4080000662', '172.00', '眼科手术', 'W0408000066', '(甲)泪管疏通术', '1.0', '172.00', '0.00', '五级'), ('101', 'W04080000663', '泪管栓塞术', '/LGSSS/W04080000663/4080000663', '172.00', '眼科手术', 'W0408000066', '(甲)泪管疏通术', '1.0', '172.00', '0.00', '三级'), ('102', 'W0408000067', '青光眼滤过术', '/QGYLGS/W0408000067/408000067', '686.00', '眼科手术', 'W0408000067', '(甲)青光眼滤过术', '1.0', '686.00', '0.00', '四级'), ('103', 'W0408000068', '视网膜增殖膜剥脱术', '/SWMZZMBT/SWMZZMBTS/W0408000068/408000068', '1560.00', '眼科手术', 'W0408000068', '(甲)视网膜增殖膜剥脱术', '1.0', '1560.00', '0.00', '一级'), ('104', 'W0408000069', '黄斑前膜、视网膜内界膜剥脱术', '/HBQMBTS/SWMNJMBTS/HBQMSWMNJMBTS/W0408000069/408000069', '1560.00', '眼科手术', 'W0408000069', '(甲)黄斑前膜、视网膜内界膜剥脱术', '1.0', '1560.00', '0.00', '五级'), ('105', 'W0408000070', '眼球摘除、植入术', '/YQZCZRS/W0408000070/408000070', '328.00', '眼科手术', 'W0408000070', '(甲)眼球摘除+植入术', '1.0', '328.00', '0.00', '五级'), ('106', 'W0408000072', '视网膜下新生血管膜切除术', '/SWMXXSXGMQCS/W0408000072/408000072', '1560.00', '眼科手术', 'W0408000072', '(甲)视网膜下新生血管膜切除术', '1.0', '1560.00', '0.00', '四级'), ('107', 'W0408000073', '黄斑转位术', '/HBZWS/W0408000073/408000073', '1996.00', '眼科手术', 'W0408000073', '(甲)黄斑转位术', '1.0', '1996.00', '0.00', '一级'), ('108', 'ZF3050002', '部分倒睫矫正术', '/BFDJJZS/DJJZS/ZF3050002/3050002', '800.00', '眼科手术', 'ZF3050002', '(丙)部分倒睫矫正术', '1.0', '800.00', '0.00', '四级'), ('109', 'ZF3050003', '部分结膜囊重建术', '/BFJMNCJS/JMNCJS/ZF3050003/3050003', '1500.00', '眼科手术', 'ZF3050003', '(丙)部分结膜囊重建术', '1.0', '1500.00', '0.00', '四级'), ('110', 'ZF3050004', '瘢痕性外眦赘皮矫正术', '/BHXWZZPJZS/WZZPJZS/ZF3050004/3050004', '800.00', '眼科手术', 'ZF3050004', '(丙)瘢痕性外眦赘皮矫正术', '1.0', '800.00', '0.00', '二级'), ('111', 'ZF3050005', '重睑术', '/CJS/ZJS/ZF3050005/3050005', '1000.00', '眼科手术', 'ZF3050005', '(丙)重睑术', '1.0', '1000.00', '0.00', '三级'), ('112', 'ZF3050006', '重睑术后畸形修复术', '/ZJSHJXXFS/CJSHJXXFS/ZF3050006/3050006', '1500.00', '眼科手术', 'ZF3050006', '(丙)重睑术后畸形修复术', '1.0', '1500.00', '0.00', '一级'), ('113', 'ZF3050007', '单眼额肌腱膜悬吊术', '/DYEJJMXDS/EJJMXDS/ZF3050007/3050007', '1000.00', '眼科手术', 'ZF3050007', '(丙)单眼额肌腱膜悬吊术', '1.0', '1000.00', '0.00', '二级'), ('114', 'ZF3050008', '单眼水平直肌减弱联合加强术', '/DYSPZJJRLHJQS/SPZJJR/ZF3050008/3050008/DYZJJRLHJQS', '800.00', '眼科手术', 'ZF3050008', '(丙)单眼直肌减弱联合直肌加强术', '1.0', '800.00', '0.00', '一级'), ('115', 'ZF3050009', '单眼水平直肌减弱联合直肌加强术', '/DYSPZJJRLHZJJQS/SPZJJR/ZF3050009/3050009', '800.00', '眼科手术', 'ZF3050009', '(丙)单眼水平直肌减弱联合直肌加强术', '1.0', '800.00', '0.00', '五级'), ('116', 'ZF3050010', '单眼水平直肌联合垂直肌减弱术', '/DYSPZJL/DYSPZJLHCZJJRS/DYSPZJLHCZJJRS/SPZJLHCZJ/ZF3050010/3050010', '800.00', '眼科手术', 'ZF3050010', '(丙)单眼水平直肌联合垂直肌减弱术', '1.0', '800.00', '0.00', '一级'), ('117', 'ZF3050011', '单眼斜肌加强术', '/DYXJJQS/XJJQS/ZF3050011/3050011', '800.00', '眼科手术', 'ZF3050011', '(丙)单眼斜肌加强术', '1.0', '800.00', '0.00', '五级'), ('118', 'ZF3050012', '单眼斜肌减弱术', '/DYXJJRS/XJJRS/ZF3050012/3050012', '800.00', '眼科手术', 'ZF3050012', '(丙)单眼斜肌减弱术', '1.0', '800.00', '0.00', '五级'), ('119', 'ZF30500125', '鼻背畸形矫正术', '/BBJXJZS/ZF30500125/30500125', '1600.00', '眼科手术', 'ZF30500125', '(丙)鼻背畸形矫正术', '1.0', '1600.00', '0.00', '三级'), ('120', 'ZF3050013', '单眼直肌加强术', '/DYZJJQS/ZJJQS/ZF3050013/3050013', '500.00', '眼科手术', 'ZF3050013', '(丙)单眼直肌加强术', '1.0', '500.00', '0.00', '四级'), ('121', 'ZF3050014', '单眼直肌减弱联合直肌转位术', '/DYZJJRLHZJZWS/ZJJRLH/ZF3050014/3050014', '1000.00', '眼科手术', 'ZF3050014', '(丙)单眼直肌减弱联合直肌转位术', '1.0', '1000.00', '0.00', '三级'), ('122', 'ZF3050015', '单眼直肌减弱术', '/DYZJJRS/ZJJRS/ZF3050015/3050015', '500.00', '眼科手术', 'ZF3050015', '(丙)单眼直肌减弱术', '1.0', '500.00', '0.00', '一级'), ('123', 'ZF3050016', '单眼直肌减弱联合直肌联合术', '/DYZJJRLHZJLHS/ZJJRLH/ZF3050016/3050016', '1000.00', '眼科手术', 'ZF3050016', '(丙)单眼直肌减弱联合直肌联合术', '1.0', '1000.00', '0.00', '五级'), ('124', 'ZF3050017', '单眼直肌减弱联合直肌固定术', '/DYZJJRLHZJGDS/ZJJRLH/ZF3050017/3050017', '1200.00', '眼科手术', 'ZF3050017', '(丙)单眼直肌减弱联合眶缘固定术', '1.0', '1200.00', '0.00', '一级'), ('125', 'ZF3050018', '单眼直肌联合斜肌减弱术', '/DYZJLHXJJRS/ZJLHXJJRS/ZF3050018/3050018', '1000.00', '眼科手术', 'ZF3050018', '(丙)单眼直肌联合斜肌减弱术', '1.0', '1000.00', '0.00', '五级'), ('126', 'ZF3050019', '单眼直肌联合斜肌加强术', '/DYZJLHXJJQS/ZJLHXJJQS/ZF3050019/3050019', '1000.00', '眼科手术', 'ZF3050019', '(丙)单眼直肌联合斜肌加强术', '1.0', '1000.00', '0.00', '四级'), ('127', 'ZF3050020', '额肌腱膜瓣悬吊术', '/EJJM/EJJMBXDS/ZF3050020/3050020', '1000.00', '眼科手术', 'ZF3050020', '(丙)额肌腱膜瓣悬吊术', '1.0', '1000.00', '0.00', '一级'), ('128', 'ZF3050023', '复发性上睑下垂矫正术', '/FFXSJXCJZS/SJXCJZS/ZF3050023/3050023', '1200.00', '眼科手术', 'ZF3050023', '(丙)复发性上睑下垂矫正术', '1.0', '1200.00', '0.00', '五级'), ('129', 'ZF3050024', 'HA半球填充术', '/HABQTCS/BQTCS/ZF3050024/3050024', '800.00', '眼科手术', 'ZF3050024', '(丙)HA半球填充术', '1.0', '800.00', '0.00', '一级'), ('130', 'ZF3050025', 'HA眼台术后结膜修补术（难度）', '/HAYTSH/YTSHJMXBSND/ZF3050025/3050025', '600.00', '眼科手术', 'ZF3050025', '(丙)HA眼台术后结膜修补术(难度)', '1.0', '600.00', '0.00', '五级'), ('131', 'ZF3050026', 'HA眼台术后结膜修补术（轻度）', '/HAYTSH/YTSHJMXBSQD/ZF3050026/3050026', '300.00', '眼科手术', 'ZF3050026', '(丙)HA眼台术后结膜修补术(轻度)', '1.0', '300.00', '0.00', '一级'), ('132', 'ZF3050029', '局部皮瓣矫正瘢痕性眼睑外翻', '/JBPBJ/JBPBJZBHXYJWF/ZF3050029/3050029', '1200.00', '眼科手术', 'ZF3050029', '(丙)局部皮瓣矫正瘢痕性眼睑外翻', '1.0', '1200.00', '0.00', '一级'), ('133', 'ZF3050030', '睑裂开大术', '/JLKDS/ZF3050030/3050030', '800.00', '眼科手术', 'ZF3050030', '(丙)睑裂开大术', '1.0', '800.00', '0.00', '五级'), ('134', 'ZF3050031', '睑裂切开术', '/JLQK/JLQKS/ZF3050031/3050031', '300.00', '眼科手术', 'ZF3050031', '(丙)睑裂切开术', '1.0', '300.00', '0.00', '三级'), ('135', 'ZF3050032', '结膜瓣遮盖角膜、异体巩膜移植术', '/JMBZG/JMBZGJMYTGMYZS/ZF3050032/3050032', '800.00', '眼科手术', 'ZF3050032', '(丙)结膜瓣遮盖角膜+异体巩膜移植术', '1.0', '800.00', '0.00', '五级'), ('136', 'ZF3050033', '角膜染色术', '/JMRS/JMRSS/ZF3050033/3050033', '1000.00', '眼科手术', 'ZF3050033', '(丙)角膜染色术', '1.0', '1000.00', '0.00', '三级'), ('137', 'ZF3050034', '睫毛移植', '/JMYZ/ZF3050034/3050034', '1500.00', '眼科手术', 'ZF3050034', '(丙)睫毛移植', '1.0', '1500.00', '0.00', '一级'), ('138', 'ZF3050035', '睑球分离术', '/JQFLS/ZF3050035/3050035', '800.00', '眼科手术', 'ZF3050035', '(丙)睑球分离术', '1.0', '800.00', '0.00', '五级'), ('139', 'ZF3050036', '睑球分离术（口腔粘膜移植）', '/JQFLS/JQFLSKQNMYZ/ZF3050036/3050036', '1500.00', '眼科手术', 'ZF3050036', '(丙)睑球分离术(口唇粘膜移植)', '1.0', '1500.00', '0.00', '五级'), ('140', 'ZF3050037', '睑球分离术（羊膜移植）', '/JQFLS/JQFLSYMYZ/ZF3050037/3050037', '1000.00', '眼科手术', 'ZF3050037', '(丙)睑球分离术(羊膜移植)', '1.0', '1000.00', '0.00', '一级'), ('141', 'ZF3050038', '睑球分离术（游离结膜瓣移植）', '/JQFLS/JQFLSYLJMBYZ/ZF3050038/3050038', '1500.00', '眼科手术', 'ZF3050038', '(丙)睑球分离术(游离结膜瓣移植)', '1.0', '1500.00', '0.00', '一级'), ('142', 'ZF3050039', '睑球分离术（转位结膜瓣移植）', '/JQFLS/JQFLSZWJMBYZ/ZF3050039/3050039', '1200.00', '眼科手术', 'ZF3050039', '(丙)睑球分离术(转位结膜瓣移植)', '1.0', '1200.00', '0.00', '五级'), ('143', 'ZF3050040', '睑缘粘连术', '/JYNLS/JYZLS/ZF3050040/3050040', '800.00', '眼科手术', 'ZF3050040', '(丙)睑缘粘连术', '1.0', '800.00', '0.00', '四级'), ('144', 'ZF3050041', '泪点切开术', '/LDQKS/ZF3050041/3050041', '300.00', '眼科手术', 'ZF3050041', '(丙)泪点切开术', '1.0', '300.00', '0.00', '一级'), ('145', 'ZF3050042', '泪点外翻矫正术', '/LDWFJZS/ZF3050042/3050042', '800.00', '眼科手术', 'ZF3050042', '(丙)泪点外翻矫正术', '1.0', '800.00', '0.00', '五级'), ('146', 'ZF3050043', '泪点外翻矫正术（转位皮瓣）', '/LDWFJZS/ZF3050043/3050043', '1000.00', '眼科手术', 'ZF3050043', '(丙)泪点外翻矫正术(转位皮瓣)', '1.0', '1000.00', '0.00', '四级'), ('147', 'ZF3050044', '泪腺复位术', '/LXFWS/ZF3050044/3050044', '1000.00', '眼科手术', 'ZF3050044', '(丙)泪腺复位术', '1.0', '1000.00', '0.00', '五级'), ('148', 'ZF3050045', '泪腺脱垂复位术', '/LXTCFWS/ZF3050045/3050045', '1000.00', '眼科手术', 'ZF3050045', '(丙)泪腺脱垂', '1.0', '1000.00', '0.00', '三级'), ('149', 'ZF3050046', '眉畸形，移位矫正术（单眼）（整形）', '/MJXY/MJXYWJZSDYZX/ZF3050046/3050046', '1000.00', '眼科手术', 'ZF3050046', '(丙)眉畸形,移位矫正术(单眼)(整形)', '1.0', '1000.00', '0.00', '五级'), ('150', 'ZF3050047', '眉毛移植术（单眼）（整形）', '/MMYZ/MMYZSDYZX/ZF3050047/3050047', '1500.00', '眼科手术', 'ZF3050047', '(丙)眉毛整形术(整形)', '1.0', '1500.00', '0.00', '三级'), ('151', 'ZF3050048', '眉松垂矫正或纹眉后急性眉去除术', '/MSCJZ/MSCJZHWMHJXMQCS/ZF3050048/3050048', '1000.00', '眼科手术', 'ZF3050048', '(丙)眉松垂矫正或纹眉后畸形眉去除术', '1.0', '1000.00', '0.00', '四级'), ('152', 'ZF3050049', '眉下垂矫正术', '/MXCJ/MXCJZS/ZF3050049/3050049', '800.00', '眼科手术', 'ZF3050049', '(丙)眉下垂矫正术', '1.0', '800.00', '0.00', '三级'), ('153', 'ZF3050050', '内外眦移位矫正术', '/NWZYW/NWZYWJZS/ZF3050050/3050050', '1000.00', '眼科手术', 'ZF3050050', '(丙)内外眦移位矫正术', '1.0', '1000.00', '0.00', '四级'), ('154', 'ZF3050051', '内眦部MUSTARD成形术', '/NZBCXS/MUSTARD/ZF3050051/3050051', '1200.00', '眼科手术', 'ZF3050051', '(丙)内眦部MUSTARD成形术', '1.0', '1200.00', '0.00', '二级'), ('155', 'ZF3050052', '内眦部Z成形术', '/NZBZCXS/NZBCXS/ZF3050052/3050052', '1000.00', '眼科手术', 'ZF3050052', '(丙)内眦部Z成形术', '1.0', '1000.00', '0.00', '二级'), ('156', 'ZF3050053', '内眦畸形复位术', '/NZJXFW/NZJXFWS/ZF3050053/3050053', '800.00', '眼科手术', 'ZF3050053', '(丙)内眦畸形修复术', '1.0', '800.00', '0.00', '一级'), ('157', 'ZF3050054', '内眦韧带复位术', '/NZRDFWS/ZF3050054/3050054', '800.00', '眼科手术', 'ZF3050054', '(丙)内眦韧带复位术', '1.0', '800.00', '0.00', '五级'), ('158', 'ZF3050055', '难治性倒睫矫正术', '/NZXDJJZS/DJJZS/ZF3050055/3050055', '1000.00', '眼科手术', 'ZF3050055', '(丙)难治性倒睫矫正术', '1.0', '1000.00', '0.00', '一级'), ('159', 'ZF3050056', '内眦Y成形术', '/NZYCXS/NZCXS/ZF3050056/3050056', '1000.00', '眼科手术', 'ZF3050056', '(丙)内眦Y成形术', '1.0', '1000.00', '0.00', '二级'), ('160', 'ZF3050057', '内眦移位矫正术（中）', '/NZYWJZ/NZYWJZSZ/ZF3050057/3050057', '1200.00', '眼科手术', 'ZF3050057', '(丙)内眦移位矫正术(中)', '1.0', '1200.00', '0.00', '四级'), ('161', 'ZF3050058', '内眦移位矫正术（重）', '/NZYWJZS/NZYWJZSZ/ZF3050058/3050058', '1500.00', '眼科手术', 'ZF3050058', '(丙)内眦移位矫正术(重)', '1.0', '1500.00', '0.00', '二级'), ('162', 'ZF3050059', '内眦移位矫正术（轻）', '/NZYWJZS/NZYWJZSQ/ZF3050059/3050059', '1000.00', '眼科手术', 'ZF3050059', '(丙)内眦移位矫正术(轻)', '1.0', '1000.00', '0.00', '二级'), ('163', 'ZF3050061', '全结膜囊重建术', '/QJMNCJS/QJMNZZS/ZF3050061/3050061', '1800.00', '眼科手术', 'ZF3050061', '(丙)全结膜囊重建术', '1.0', '1800.00', '0.00', '四级'), ('164', 'ZF3050062', '穹窿成形术', '/QLCXS/ZF3050062/3050062', '800.00', '眼科手术', 'ZF3050062', '(丙)穹窿成形术', '1.0', '800.00', '0.00', '五级'), ('165', 'ZF3050063', '全眼睑重建术', '/QYJCJS/ZF3050063/3050063', '1800.00', '眼科手术', 'ZF3050063', '(丙)全眼睑重建术', '1.0', '1800.00', '0.00', '五级'), ('166', 'ZF3050064', '人工骨眼台钻孔装钉术', '/RGGY/RGGYTZKZDS/ZF3050064/3050064', '300.00', '眼科手术', 'ZF3050064', '(丙)人工骨眼台钻孔装钉术', '1.0', '300.00', '0.00', '四级'), ('167', 'ZF3050066', '双行睫切除术', '/SHJQC/SXJQCS/ZF3050066/3050066', '1200.00', '眼科手术', 'ZF3050066', '(丙)双行睫切除术', '1.0', '1200.00', '0.00', '五级'), ('168', 'ZF3050067', '双行睫切除术睑缘唇间巩膜植入术', '/SHJQCS/SXJQCSJYCJGMZRS/ZF3050067/3050067', '1500.00', '眼科手术', 'ZF3050067', '(丙)双行睫切除术睑缘唇间巩膜植入术', '1.0', '1500.00', '0.00', '四级'), ('169', 'ZF3050068', '上横韧带悬吊术', '/SHRDX/SHRDXDS/ZF3050068/3050068', '1000.00', '眼科手术', 'ZF3050068', '(丙)上横韧带悬吊术', '1.0', '1000.00', '0.00', '三级'), ('170', 'ZF3050069', '上睑皮肤松弛整形术', '/SJPFSC/SJPFSCZXS/ZF3050069/3050069', '1200.00', '眼科手术', 'ZF3050069', '(丙)上睑皮肤松弛整形术', '1.0', '1200.00', '0.00', '四级'), ('171', 'ZF3050070', '上睑下垂矫正I期重睑成形术', '/SJXCJZ/SJXCJZQZJCXS/ZF3050070/3050070', '1000.00', '眼科手术', 'ZF3050070', '(丙)上睑下垂矫正I期重睑成形术', '1.0', '1000.00', '0.00', '四级'), ('172', 'ZF3050073', '双眼斜肌加强术', '/SYXJJQS/XJJQS/ZF3050073/3050073', '1000.00', '眼科手术', 'ZF3050073', '(丙)双眼斜肌加强术', '1.0', '1000.00', '0.00', '四级'), ('173', 'ZF3050074', '双眼斜肌减弱术', '/SYXJJRS/XJJRS/ZF3050074/3050074', '1000.00', '眼科手术', 'ZF3050074', '(丙)双眼斜肌减弱术', '1.0', '1000.00', '0.00', '四级'), ('174', 'ZF3050075', '双眼直肌减弱联合直肌加强联合斜肌减弱术', '/SYZJJRLHZJJQLHX/ZJJRLH/ZF3050075/3050075', '1200.00', '眼科手术', 'ZF3050075', '(丙)双眼直肌减弱联合直肌加强联合斜肌减弱术', '1.0', '1200.00', '0.00', '四级'), ('175', 'ZF3050076', '双眼直肌减弱联合直肌加强联合斜肌加强术', '/SYZJJRLHZJJQLHX/ZJJRLH/ZF3050076/3050076', '1300.00', '眼科手术', 'ZF3050076', '(丙)双眼直肌减弱联合直肌加强联合斜肌加强术', '1.0', '1300.00', '0.00', '五级'), ('176', 'ZF3050077', '双眼直肌加强术', '/SYZJJQS/ZJJQS/ZF3050077/3050077', '800.00', '眼科手术', 'ZF3050077', '(丙)双眼直肌加强术', '1.0', '800.00', '0.00', '四级'), ('177', 'ZF3050078', '双眼直肌减弱联合直肌加强术', '/SYZJJRLHZJJQS/ZJJRLH/ZF3050078/3050078', '1200.00', '眼科手术', 'ZF3050078', '(丙)双眼直肌减弱联合直肌加强术', '1.0', '1200.00', '0.00', '五级'), ('178', 'ZF3050079', '双眼直肌减弱术', '/SYZJJRS/ZJJRS/ZF3050079/3050079', '800.00', '眼科手术', 'ZF3050079', '(丙)双眼直肌减弱术', '1.0', '800.00', '0.00', '四级'), ('179', 'ZF3050080', '提上睑肌缩短术', '/TSJJSD/TSJJSDS/ZF3050080/3050080', '1000.00', '眼科手术', 'ZF3050080', '(丙)提上睑肌缩短术', '1.0', '1000.00', '0.00', '三级'), ('180', 'ZF3050082', '外伤性上睑下垂矫正术', '/WSXSJXCJZS/SJXCJZS/ZF3050082/3050082', '1300.00', '眼科手术', 'ZF3050082', '(丙)外伤性上睑下垂矫正术', '1.0', '1300.00', '0.00', '三级'), ('181', 'ZF3050083', '外伤性眼睑退缩矫正术', '/WSXYJTSJZS/YJTSJZS/ZF3050083/3050083', '1300.00', '眼科手术', 'ZF3050083', '(丙)外伤性眼睑退缩矫正术', '1.0', '1300.00', '0.00', '五级'), ('182', 'ZF3050084', '外眦畸形复位术', '/WZJXFWS/ZF3050084/3050084', '800.00', '眼科手术', 'ZF3050084', '(丙)外眦畸形修复术', '1.0', '800.00', '0.00', '二级'), ('183', 'ZF3050085', '外眦粘连术（睑裂缩短术）', '/WZNLS/WZZLSJLSDS/ZF3050085/3050085', '800.00', '眼科手术', 'ZF3050085', '(丙)外眦粘连术(睑裂缩短术)', '1.0', '800.00', '0.00', '二级'), ('184', 'ZF3050086', '外眦韧带复位术', '/WZRDFW/WZRDFWS/ZF3050086/3050086', '800.00', '眼科手术', 'ZF3050086', '(丙)外眦韧带复位术', '1.0', '800.00', '0.00', '五级'), ('185', 'ZF3050087', '外眦移位矫正术（重）', '/WZYW/WZYWJZSZ/ZF3050087/3050087', '1500.00', '眼科手术', 'ZF3050087', '(丙)外眦移位矫正术(重)', '1.0', '1500.00', '0.00', '四级'), ('186', 'ZF3050088', '外眦移位矫正术（轻）', '/WZYWJZS/WZYWJZSQ/ZF3050088/3050088', '1000.00', '眼科手术', 'ZF3050088', '(丙)外眦移位矫正术(轻)', '1.0', '1000.00', '0.00', '五级'), ('187', 'ZF3050089', '外眦移位矫正术（中）', '/WZYWJZS/WZYWJZSZ/ZF3050089/3050089', '1200.00', '眼科手术', 'ZF3050089', '(丙)外眦移位矫正术(中)', '1.0', '1200.00', '0.00', '二级'), ('188', 'ZF3050090', '下睑袋去除术', '/XJDQCS/ZF3050090/3050090', '1000.00', '眼科手术', 'ZF3050090', '(丙)下睑袋去除术', '1.0', '1000.00', '0.00', '五级'), ('189', 'ZF3050091', '小眼畸形内斜整形术', '/XYJXNX/XYJXNXZXS/ZF3050091/3050091', '1000.00', '眼科手术', 'ZF3050091', '(丙)小眼畸形内斜整形术', '1.0', '1000.00', '0.00', '三级'), ('190', 'ZF3050092', '眼袋（睑袋）切除术', '/YDJDQCS/YDQCS/JDQCS/ZF3050092/3050092', '650.00', '眼科手术', 'ZF3050092', '(丙)眼袋(睑袋)切除术', '1.0', '650.00', '0.00', '二级'), ('191', 'ZF3050093', '眼睑瘢痕切除局部皮瓣修复', '/YJBH/YJBHQCJBPBXF/ZF3050093/3050093', '1200.00', '眼科手术', 'ZF3050093', '(丙)眼睑瘢痕切除并局部皮瓣修复', '1.0', '1200.00', '0.00', '五级'), ('192', 'ZF3050094', '眼睑瘢痕切除局部皮片移植', '/YJBH/YJBHQCJBPPYZ/ZF3050094/3050094', '1500.00', '眼科手术', 'ZF3050094', '(丙)眼睑瘢痕切除并局部皮片移植', '1.0', '1500.00', '0.00', '四级'), ('193', 'ZF3050095', '眼睑重建术（对侧眼睑组织瓣移植）', '/YJCJS/YJCJSDCYJZZBYZ/ZF3050095/3050095', '1500.00', '眼科手术', 'ZF3050095', '(丙)眼睑重建术(对侧眼睑组织瓣移植)', '1.0', '1500.00', '0.00', '五级'), ('194', 'ZF3050096', '眼睑重建术（局部皮瓣修复）', '/YJCJS/YJCJSJBPBXF/ZF3050096/3050096', '1200.00', '眼科手术', 'ZF3050096', '(丙)眼睑重建术(局部皮瓣修复)', '1.0', '1200.00', '0.00', '一级'), ('195', 'ZF3050097', '眼睑重建术（直接缝合）', '/YJCJS/YJCJSZJFH/ZF3050097/3050097', '800.00', '眼科手术', 'ZF3050097', '(丙)眼睑重建术(直接缝合)', '1.0', '800.00', '0.00', '三级'), ('196', 'ZF3050098', '眼睑分裂痣切除、I期皮瓣转移或游离植皮术', '/YJFLZQC/ZF3050098/3050098', '1500.00', '眼科手术', 'ZF3050098', '(丙)眼睑分裂痣切除、I期皮瓣转移或游离植皮术', '1.0', '1500.00', '0.00', '一级'), ('197', 'ZF3050099', '眼睑局部瘢痕松解术', '/YJJBBH/YJJBBHSJS/ZF3050099/3050099', '800.00', '眼科手术', 'ZF3050099', '(丙)眼睑局部瘢痕松解术', '1.0', '800.00', '0.00', '三级'), ('198', 'ZF3050100', '眼睑睑板切除术', '/YJJBQC/YJJBQCS/ZF3050100/3050100', '1000.00', '眼科手术', 'ZF3050100', '(丙)眼睑睑板切除术', '1.0', '1000.00', '0.00', '五级'), ('199', 'ZF3050101', '眼睑局部松解术', '/YJJBS/YJJBSJS/ZF3050101/3050101', '800.00', '眼科手术', 'ZF3050101', '(丙)眼睑局部松解术', '1.0', '800.00', '0.00', '一级'), ('200', 'ZF30500621', '穹窿成形术（口腔黏膜移植）', '/QLCXS/ZF30500621/30500621/YZ1009101/1009101', '1500.00', '眼科手术', 'ZF30500621', '(丙)穹窿成形术(口腔黏膜移植)', '1.0', '1500.00', '0.00', '一级'), ('201', 'ZF3050102', '眼睑皮肤瘢痕切除术', '/YJPF/YJPFBHQCS/ZF3050102/3050102', '800.00', '眼科手术', 'ZF3050102', '(丙)眼睑皮肤瘢痕切除术', '1.0', '800.00', '0.00', '三级'), ('202', 'ZF30500622', '穹窿成形术（羊膜移植）', '/QLCXS/ZF30500622/30500622', '2000.00', '眼科手术', 'ZF30500622', '(丙)穹窿成形术(羊膜移植)', '1.0', '1000.00', '0.00', '三级'), ('203', '', '', '', '0.00', '', 'ZF30500622', '(丙)穹窿成形术(羊膜移植)', '1.0', '1000.00', '0.00', '四级'), ('204', 'ZF3050103', '眼睑全层瘢痕切除术', '/YJQC/YJQCBHQCS/ZF3050103/3050103', '1000.00', '眼科手术', 'ZF3050103', '(丙)眼睑全层瘢痕切除术', '1.0', '1000.00', '0.00', '三级'), ('205', 'ZF3050104', '眼睑去皮，去脂术', '/YJQP/YJQPQZS/ZF3050104/3050104', '650.00', '眼科手术', 'ZF3050104', '(丙)眼睑去皮,去脂术', '1.0', '650.00', '0.00', '一级'), ('206', 'ZF3050105', '眼睑去皮术', '/YJQP/YJQPS/ZF3050105/3050105', '650.00', '眼科手术', 'ZF3050105', '(丙)眼睑去皮术', '1.0', '650.00', '0.00', '三级'), ('207', 'ZF3050106', '眼睑术（异体巩膜移植）', '/YJS/YJSYTGMYZ/ZF3050106/3050106', '1200.00', '眼科手术', 'ZF3050106', '(丙)眼睑术(异体巩膜移植)', '1.0', '1200.00', '0.00', '四级'), ('208', 'ZF3050107', '眼睑缩短术', '/YJSDS/ZF3050107/3050107', '900.00', '眼科手术', 'ZF3050107', '(丙)眼睑缩短术', '1.0', '900.00', '0.00', '三级'), ('209', 'ZF3050108', '眼睑退缩矫正术MULLER肌切除术', '/YJTSMU/YJTSJZSJQCS/ZF3050108/3050108', '1000.00', '眼科手术', 'ZF3050108', '(丙)眼睑退缩矫正术MULLER肌切除术', '1.0', '1000.00', '0.00', '一级'), ('210', 'ZF3050109', '眼睑退缩矫正术（异体巩膜移植）', '/YJTSYT/YJTSJZSYTGMYZ/ZF3050109/3050109', '1200.00', '眼科手术', 'ZF3050109', '(丙)眼睑退缩矫正术(异体巩膜移植)', '1.0', '1200.00', '0.00', '一级'), ('211', 'ZF3050110', '眼睑眼轮匝肌缩短术', '/YJYLZJ/YJYLZJSDS/ZF3050110/3050110', '800.00', '眼科手术', 'ZF3050110', '(丙)眼睑眼轮匝肌缩短术', '1.0', '800.00', '0.00', '一级'), ('212', 'ZF3050111', '眼睑异体巩膜移植术', '/YJYTGM/YJYTGMYZS/ZF3050111/3050111', '1200.00', '眼科手术', 'ZF3050111', '(丙)眼睑异体巩膜移植术', '1.0', '1200.00', '0.00', '四级'), ('213', 'ZF3050112', '眼眶重建术（大）', '/YKCJS/YKCJSD/ZF3050112/3050112', '1800.00', '眼科手术', 'ZF3050112', '(丙)眼眶重建术(大)', '1.0', '1800.00', '0.00', '一级'), ('214', 'ZF3050113', '眼眶重建术（小）', '/YKCJS/YKCJSX/ZF3050113/3050113', '1000.00', '眼科手术', 'ZF3050113', '(丙)眼眶重建术(小)', '1.0', '1000.00', '0.00', '二级'), ('215', 'ZF3050114', '眼眶重建术（中）', '/YKCJS/YKCJSZ/ZF3050114/3050114', '1500.00', '眼科手术', 'ZF3050114', '(丙)眼眶重建术(中)', '1.0', '1500.00', '0.00', '五级'), ('216', 'ZF3050115', '游离皮片矫正瘢痕性眼睑外翻', '/YLPPJZ/YLPPJZBHXYJWF/ZF3050115/3050115', '1500.00', '眼科手术', 'ZF3050115', '(丙)游离皮片矫正瘢痕性眼睑外翻术', '1.0', '1500.00', '0.00', '一级'), ('217', 'ZF3050116', '眼球内陷矫正术（球后填充）', '/YQNX/YQNXJZSQHTC/ZF3050116/3050116', '1500.00', '眼科手术', 'ZF3050116', '(丙)眼球内陷矫正术(球后填充)', '1.0', '1500.00', '0.00', '二级'), ('218', 'ZF3050117', '眼球内陷矫正术（直肌等量后徒）', '/YQNX/YQNXJZSZJDLHT/ZF3050117/3050117', '1000.00', '眼科手术', 'ZF3050117', '(丙)眼球内陷矫正术(直肌等量后徒)', '1.0', '1000.00', '0.00', '一级'), ('219', 'ZF3050118', '眼球摘除、植刀', '/YQZC/YQZCZD/ZF3050118/3050118', '327.60', '眼科手术', 'ZF3050118', '(丙)眼球摘除+植刀', '1.0', '327.60', '0.00', '三级'), ('220', 'ZF3050119', '异体巩膜移植矫正瘢痕性眼睑外翻', '/YTGMYZ/YTGMYZJZBHXYJWF/ZF3050119/3050119', '1200.00', '眼科手术', 'ZF3050119', '(丙)异体巩膜移植矫正瘢痕性眼睑外翻', '1.0', '1200.00', '0.00', '一级'), ('221', 'ZF3050120', '眼台取出术（HA）', '/YTQCS/ZF3050120/3050120', '500.00', '眼科手术', 'ZF3050120', '(丙)眼台取出术(HA)', '1.0', '500.00', '0.00', '二级'), ('222', 'ZF3050121', '眼台取出术（硅球，玻璃球）', '/YTQCS/YTQCSGQBLQ/ZF3050121/3050121', '300.00', '眼科手术', 'ZF3050121', '(丙)眼台取出术(硅球,玻璃球)', '1.0', '300.00', '0.00', '一级'), ('223', 'ZF3050122', '眼窝填充义眼台填充术', '/YWTCYY/YWTCYYTTCS/ZF3050122/3050122', '1000.00', '眼科手术', 'ZF3050122', '(丙)眼窝填充义眼台植入术', '1.0', '1000.00', '0.00', '三级'), ('224', 'ZF3050123', '准分子激光原位角膜磨镶术（LASIK）', '/ZFZJGYWJMMXS/LASIK/ZF3050123/3050123', '4368.00', '眼科手术', 'ZF3050123', '(丙)准分子激光原位角膜磨镶术(LASIK)', '1.0', '4368.00', '0.00', '一级'), ('225', 'ZF3050124', '准分子激光屈光性角膜矫正术（PRK）', '/ZFZJGQGXJMJZS/PRK/ZF3050124/3050124', '2496.00', '眼科手术', 'ZF3050124', '(丙)准分子激光屈光性角膜矫正术(PRK)', '1.0', '2496.00', '0.00', '一级'), ('226', 'ZF30591', '非穿透小梁切除联合青光眼引流器植入术', '/FCTXLQC/ZF30591/30591', '780.00', '眼科手术', 'ZF30591', '(丙)非穿透小梁切除联合青光眼引流器植入术', '1.0', '780.00', '0.00', '三级'), ('227', 'ZF30592', '非穿透小梁切除、透明质酸凝胶填充术（自费）', '/FCTXLQC/ZF30592/30592', '780.00', '眼科手术', 'ZF30592', '(丙)非穿透小梁切除+透明质酸凝胶填充术', '1.0', '780.00', '0.00', '三级'), ('228', 'ZF30993', '睫状体光凝术（经巩膜）', '/JZTTSZL/JGMJZTGNS/JZTGNS/ZF30993/30993', '3700.00', '眼科手术', 'ZF30993', '(丙)睫状体特殊治疗(光凝术)', '1.0', '3700.00', '0.00', '一级'), ('229', 'ZF3099493', '眼眶肌锥内肿瘤摘除术', '/YKJZNZLZ/ZF3099493/3099493', '1560.00', '眼科手术', 'ZF3099493', '(丙)眼眶肌锥内肿瘤摘除术', '1.0', '1560.00', '0.00', '三级'), ('230', 'ZF3099495', '眼眶减压术', '/YKJYS/ZF3099495/3099495', '1560.00', '眼科手术', 'ZF3099495', '(丙)眼眶减压术', '1.0', '1560.00', '0.00', '一级'), ('231', 'ZF3099519', '恶性肿瘤眼球摘除术', '/EXZLYQZCS/YQZCS/ZF3099519/3099519', '499.00', '眼科手术', 'ZF3099519', '(丙)恶性肿瘤(眼球摘除)', '1.0', '499.00', '0.00', '三级'), ('232', 'ZF3099523', '眶尖部肿瘤摘除术', '/KJBZLZCS/ZF3099523/3099523', '2012.00', '眼科手术', 'ZF3099523', '(丙)眶尖部肿瘤摘除术', '1.0', '2012.00', '0.00', '一级'), ('233', 'ZF3099555', '眼睑及角结膜大（范围）肿瘤摘除术', '/YJJJJMDFWZLZCS/YJZLZCS/JMZLZCS/ZF3099555/3099555', '592.00', '眼科手术', 'ZF3099555', '(丙)眼睑及角结膜大(范围)肿瘤摘除术', '1.0', '592.00', '0.00', '三级'), ('234', 'ZF3099890', '视网膜照相', '/SWMZX/ZF3099890/3099890', '200.00', '眼科手术', 'ZF3099890', '(丙)视网膜照相', '1.0', '200.00', '0.00', '三级'), ('235', 'ZF3099895', '睫状体及脉络膜上腔放液术', '/JZTJMLMSQFYS/ZF3099895/3099895', '1100.00', '眼科手术', 'ZF3099895', '(丙)睫状体及脉络膜上腔放液术', '1.0', '1100.00', '0.00', '一级'), ('236', 'ZF30998971', '玻璃体穿刺抽液术', '/BLTCCCYS/ZF30998971/30998971', '921.00', '眼科手术', 'ZF3099897', '(丙)玻璃体穿刺抽液术', '1.0', '921.00', '0.00', '三级'), ('237', 'ZF30998972', '玻璃体穿刺抽液术（玻璃体抽水囊）', '/BLTCCCYS/BLTCSN/ZF30998972/30998972', '921.00', '眼科手术', 'ZF3099897', '(丙)玻璃体穿刺抽液术', '1.0', '921.00', '0.00', '三级'), ('238', 'ZF30991', '睫状体特殊治疗（光凝术）', '/jzttszl/ZF30991/30991', '3700.00', '眼科手术', 'ZF30993', '(丙)睫状体特殊治疗(光凝术)', '1.0', '3700.00', '0.00', '三级'), ('239', 'ZF30992', '睫状体光凝术（内窥镜）', '/JZTTSZL/JZTGNS/NKJJZTGNS/ZF30992/30992', '3700.00', '眼科手术', 'ZF30993', '(丙)睫状体特殊治疗(光凝术)', '1.0', '3700.00', '0.00', '三级'), ('240', '3304090051', '眼球破裂伤缝合术', '/YQPLSFHS/3304090051', '98.00', '眼科手术', '330409005', '(甲)眼球裂伤缝合术', '1.0', '98.00', '0.00', '二级'), ('241', '3304090052', '角巩膜裂伤缝合术', '/JGMLSFHS/3304090052', '98.00', '眼科手术', '330409005', '(甲)眼球裂伤缝合术', '1.0', '98.00', '0.00', '一级'), ('242', '3304090053', '巩膜裂伤缝合术', '/GMLSFHS/3304090053', '98.00', '眼科手术', '330409005', '(甲)眼球裂伤缝合术', '1.0', '98.00', '0.00', '四级'), ('243', 'W04080000241', '眶内异物取出术', '/KNYWQCS/W04080000241/4080000241', '390.00', '眼科手术', 'W0408000024', '(甲)球内、眶内异物取出术', '1.0', '390.00', '0.00', '二级'), ('244', 'W04080000242', '球内异物取出术', '/QNYWQCS/W04080000242/4080000242', '390.00', '眼科手术', 'W0408000024', '(甲)球内、眶内异物取出术', '1.0', '390.00', '0.00', '一级'), ('245', 'W04080000453', '巩膜伤口修补术', '/GMSKXBS/W04080000453/4080000453', '98.00', '眼科手术', 'W0408000045', '(甲)角巩膜伤口修补术', '1.0', '98.00', '0.00', '二级'), ('246', 'W04080000454', '角膜伤口修补术', '/JMSKXBS/W04080000454/4080000454', '98.00', '眼科手术', 'W0408000045', '(甲)角巩膜伤口修补术', '1.0', '98.00', '0.00', '四级'), ('247', 'ZF30500611', '全结膜囊再造术', '/QJMNCJS/QJMNZZS/ZF30500611/30500611', '1800.00', '眼科手术', 'ZF3050061', '(丙)全结膜囊重建术', '1.0', '1800.00', '0.00', '三级'), ('248', 'ZF30593', '眼内窥镜手术加收800', '/YNKJSSJS/ZF30593/30593', '800.00', '眼科手术', 'ZF30593', '(丙)眼内窥镜手术加收', '1.0', '800.00', '0.00', '三级'), ('249', 'ZF30998951', '脉络膜上腔放液术', '/MLMSQFYS/ZF30998951/30998951', '1100.00', '眼科手术', 'ZF3099895', '(丙)睫状体及脉络膜上腔放液术', '1.0', '1100.00', '0.00', '二级'), ('250', 'ZF30998973', '玻璃体注药术921', '/BLTZYS/ZF30998973/30998973/408000044', '921.00', '眼科手术', 'ZF3099897', '(丙)玻璃体穿刺抽液术', '1.0', '921.00', '0.00', '三级'), ('251', '330404004', '角膜拆线', '/JMCX/330404004', '15.00', '眼科手术', '330404004', '(甲)角膜拆线', '1.0', '15.00', '0.00', '二级'), ('252', 'ZF30994', '手术、麻醉专家费（中）', '/ssmzzjf/ZF30994/30994', '600.00', '眼科手术', 'zf30994', '(丙)手术、麻醉专家费（中）', '1.0', '600.00', '0.00', '四级'), ('253', 'ZF30995', '手术、麻醉专家费（大）', '/ssmzzjf/ZF30995/30995', '1000.00', '眼科手术', 'zf30995', '(丙)手术、麻醉专家费（大）', '1.0', '1000.00', '0.00', '二级'), ('254', 'ZF30996', '手术、麻醉专家费（小）', '/ssmzzjf/ZF30996/30996', '200.00', '眼科手术', 'zf30996', '(丙)手术、麻醉专家费（小）', '1.0', '200.00', '0.00', '四级'), ('255', '3304090054', '青光眼激光成型术（单眼）（医生）', '/QGYJGCXSDY/QGYJG/QGYJGCXS', '951.30', '眼科手术', 'W0217020010', '(甲)眼YAG激光', '1.0', '160.00', '0.00', '三级'), ('256', '', '', '', '0.00', '', 'W0408000018', '(甲)抗青光眼类手术', '0.3', '351.00', '0.00', '四级'), ('257', '', '', '', '0.00', '', 'W0408000067', '(甲)青光眼滤过术', '1.0', '686.00', '0.00', '一级'), ('258', '3304090055', '青光眼激光成型术（双眼）（医生）', '/QGYJGCXSSY/QGYJGCX/QGYCXS', '1902.60', '眼科手术', 'W0217020010', '(甲)眼YAG激光', '2.0', '160.00', '0.00', '二级'), ('259', '', '', '', '0.00', '', 'W0408000018', '(甲)抗青光眼类手术', '0.6', '351.00', '0.00', '二级'), ('260', '', '', '', '0.00', '', 'W0408000067', '(甲)青光眼滤过术', '2.0', '686.00', '0.00', '二级');
COMMIT;

-- ----------------------------
--  Table structure for `user`
-- ----------------------------
DROP TABLE IF EXISTS `user`;
CREATE TABLE `user` (
  `id` int(11) NOT NULL AUTO_INCREMENT,
  `username` varchar(255) DEFAULT NULL,
  `password` varchar(255) DEFAULT NULL,
  `name` varchar(255) DEFAULT NULL,
  `role` varchar(255) DEFAULT NULL,
  `doctor_id` int(11) DEFAULT '-1',
  `avatar` varchar(255) DEFAULT NULL,
  PRIMARY KEY (`id`),
  KEY `doctor_id` (`doctor_id`),
  CONSTRAINT `dd_id` FOREIGN KEY (`doctor_id`) REFERENCES `doctor` (`id`) ON DELETE CASCADE
) ENGINE=InnoDB AUTO_INCREMENT=435 DEFAULT CHARSET=utf8;

-- ----------------------------
--  Records of `user`
-- ----------------------------
BEGIN;
INSERT INTO `user` VALUES ('1', 'admin', '202cb962ac59075b964b07152d234b70', '姚陈堃', '系统管理员', null, 'avatar_default.png'), ('2', 'inputer', '202cb962ac59075b964b07152d234b70', '姚开一', '数据录入员', null, 'avatar_default.png'), ('11', '00481', 'e10adc3949ba59abbe56e057f20f883e', '魏文斌', '医师', '1', 'avatar_default.png'), ('12', '00401', 'e10adc3949ba59abbe56e057f20f883e', '张风', '医师', '2', 'avatar_default.png'), ('13', '02053', 'e10adc3949ba59abbe56e057f20f883e', '陈虹', '医师', '3', 'avatar_default.png'), ('14', '00488', 'e10adc3949ba59abbe56e057f20f883e', '何雷', '医师', '4', 'avatar_default.png'), ('15', '00492', 'e10adc3949ba59abbe56e057f20f883e', '李冬梅', '医师', '5', 'avatar_default.png'), ('16', '00483', 'e10adc3949ba59abbe56e057f20f883e', '李航', '医师', '6', 'avatar_default.png'), ('17', '00501', 'e10adc3949ba59abbe56e057f20f883e', '李纳', '医师', '7', 'avatar_default.png'), ('18', '03379', 'e10adc3949ba59abbe56e057f20f883e', '刘宁朴', '医师', '8', 'avatar_default.png'), ('19', '01974', 'e10adc3949ba59abbe56e057f20f883e', '刘武', '医师', '9', 'avatar_default.png'), ('20', '02039', 'e10adc3949ba59abbe56e057f20f883e', '卢宁', '医师', '10', 'avatar_default.png'), ('21', '01925', 'e10adc3949ba59abbe56e057f20f883e', '吕岚', '医师', '11', 'avatar_default.png'), ('22', '00485', 'e10adc3949ba59abbe56e057f20f883e', '史季桐', '医师', '12', 'avatar_default.png'), ('23', '00487', 'e10adc3949ba59abbe56e057f20f883e', '宋旭东', '医师', '13', 'avatar_default.png'), ('24', '00482', 'e10adc3949ba59abbe56e057f20f883e', '唐炘', '医师', '14', 'avatar_default.png'), ('25', '00472', 'e10adc3949ba59abbe56e057f20f883e', '王军', '医师', '15', 'avatar_default.png'), ('26', '02368', 'e10adc3949ba59abbe56e057f20f883e', '王荣光', '医师', '16', 'avatar_default.png'), ('27', '04815', 'e10adc3949ba59abbe56e057f20f883e', '张丰菊', '医师', '17', 'avatar_default.png'), ('28', '02822', 'e10adc3949ba59abbe56e057f20f883e', '周跃华', '医师', '18', 'avatar_default.png'), ('29', '02136', 'e10adc3949ba59abbe56e057f20f883e', '陈涛', '医师', '19', 'avatar_default.png'), ('30', '02821', 'e10adc3949ba59abbe56e057f20f883e', '段安丽', '医师', '20', 'avatar_default.png'), ('31', '02410', 'e10adc3949ba59abbe56e057f20f883e', '段欣荣', '医师', '21', 'avatar_default.png'), ('32', '03338', 'e10adc3949ba59abbe56e057f20f883e', '姜利斌', '医师', '22', 'avatar_default.png'), ('33', '03054', 'e10adc3949ba59abbe56e057f20f883e', '李根林', '医师', '23', 'avatar_default.png'), ('34', '03849', 'e10adc3949ba59abbe56e057f20f883e', '刘毅', '医师', '24', 'avatar_default.png'), ('35', '02132', 'e10adc3949ba59abbe56e057f20f883e', '刘莹', '医师', '25', 'avatar_default.png'), ('36', '03027', 'e10adc3949ba59abbe56e057f20f883e', '刘玉福', '医师', '26', 'avatar_default.png'), ('37', '03215', 'e10adc3949ba59abbe56e057f20f883e', '卢海', '医师', '27', 'avatar_default.png'), ('38', '02930', 'e10adc3949ba59abbe56e057f20f883e', '马东丽', '医师', '28', 'avatar_default.png'), ('39', '01296', 'e10adc3949ba59abbe56e057f20f883e', '潘志强', '医师', '29', 'avatar_default.png'), ('40', '00500', 'e10adc3949ba59abbe56e057f20f883e', '齐颖', '医师', '30', 'avatar_default.png'), ('41', '02703', 'e10adc3949ba59abbe56e057f20f883e', '史翔宇', '医师', '31', 'avatar_default.png'), ('42', '04256', 'e10adc3949ba59abbe56e057f20f883e', '汪东生', '医师', '32', 'avatar_default.png'), ('43', '03024', 'e10adc3949ba59abbe56e057f20f883e', '王海燕', '医师', '33', 'avatar_default.png'), ('44', '03372', 'e10adc3949ba59abbe56e057f20f883e', '王红', '医师', '34', 'avatar_default.png'), ('45', '02135', 'e10adc3949ba59abbe56e057f20f883e', '王涛', '医师', '35', 'avatar_default.png'), ('46', '01970', 'e10adc3949ba59abbe56e057f20f883e', '云波', '医师', '36', 'avatar_default.png'), ('47', '03719', 'e10adc3949ba59abbe56e057f20f883e', '朱思泉', '医师', '37', 'avatar_default.png'), ('48', '00504', 'e10adc3949ba59abbe56e057f20f883e', '朱晓青', '医师', '38', 'avatar_default.png'), ('49', '03165', 'e10adc3949ba59abbe56e057f20f883e', '董喆', '医师', '39', 'avatar_default.png'), ('50', '02706', 'e10adc3949ba59abbe56e057f20f883e', '付晶', '医师', '40', 'avatar_default.png'), ('51', '00425', 'e10adc3949ba59abbe56e057f20f883e', '马凯', '医师', '41', 'avatar_default.png'), ('52', '03217', 'e10adc3949ba59abbe56e057f20f883e', '王小兵', '医师', '42', 'avatar_default.png'), ('53', '03360', 'e10adc3949ba59abbe56e057f20f883e', '翟长斌', '医师', '43', 'avatar_default.png'), ('54', '02133', 'e10adc3949ba59abbe56e057f20f883e', '周军', '医师', '44', 'avatar_default.png'), ('55', '02137', 'e10adc3949ba59abbe56e057f20f883e', '戴红蕾', '医师', '45', 'avatar_default.png'), ('56', '02240', 'e10adc3949ba59abbe56e057f20f883e', '钱进', '医师', '46', 'avatar_default.png'), ('57', '04141', 'e10adc3949ba59abbe56e057f20f883e', '邱礼新', '医师', '47', 'avatar_default.png'), ('58', '02244', 'e10adc3949ba59abbe56e057f20f883e', '王书华', '医师', '48', 'avatar_default.png'), ('59', '03843', 'e10adc3949ba59abbe56e057f20f883e', '艾立坤', '医师', '49', 'avatar_default.png'), ('60', '03337', 'e10adc3949ba59abbe56e057f20f883e', '傅涛', '医师', '50', 'avatar_default.png'), ('61', '02835', 'e10adc3949ba59abbe56e057f20f883e', '高旭', '医师', '51', 'avatar_default.png'), ('62', '02704', 'e10adc3949ba59abbe56e057f20f883e', '郭宁', '医师', '52', 'avatar_default.png'), ('63', '03064', 'e10adc3949ba59abbe56e057f20f883e', '韩崧', '医师', '53', 'avatar_default.png'), ('64', '04288', 'e10adc3949ba59abbe56e057f20f883e', '接英', '医师', '54', 'avatar_default.png'), ('65', '02411', 'e10adc3949ba59abbe56e057f20f883e', '金涛', '医师', '55', 'avatar_default.png'), ('66', '02834', 'e10adc3949ba59abbe56e057f20f883e', '李琦琰', '医师', '56', 'avatar_default.png'), ('67', '04253', 'e10adc3949ba59abbe56e057f20f883e', '李树宁', '医师', '57', 'avatar_default.png'), ('68', '02839', 'e10adc3949ba59abbe56e057f20f883e', '林楠', '医师', '58', 'avatar_default.png'), ('69', '03031', 'e10adc3949ba59abbe56e057f20f883e', '刘卫华', '医师', '59', 'avatar_default.png'), ('70', '04313', 'e10adc3949ba59abbe56e057f20f883e', '马建民', '医师', '60', 'avatar_default.png'), ('71', '04251', 'e10adc3949ba59abbe56e057f20f883e', '卿国平', '医师', '61', 'avatar_default.png'), ('72', '04215', 'e10adc3949ba59abbe56e057f20f883e', '史雪辉', '医师', '62', 'avatar_default.png'), ('73', '03395', 'e10adc3949ba59abbe56e057f20f883e', '陶靖', '医师', '63', 'avatar_default.png'), ('74', '02838', 'e10adc3949ba59abbe56e057f20f883e', '田蓓', '医师', '64', 'avatar_default.png'), ('75', '02534', 'e10adc3949ba59abbe56e057f20f883e', '于洁', '医师', '65', 'avatar_default.png'), ('76', '03220', 'e10adc3949ba59abbe56e057f20f883e', '张红言', '医师', '66', 'avatar_default.png'), ('77', '02739', 'e10adc3949ba59abbe56e057f20f883e', '赵丽丽', '医师', '67', 'avatar_default.png'), ('78', '03218', 'e10adc3949ba59abbe56e057f20f883e', '丁宁', '医师', '68', 'avatar_default.png'), ('79', '04252', 'e10adc3949ba59abbe56e057f20f883e', '段晓明', '医师', '69', 'avatar_default.png'), ('80', '03398', 'e10adc3949ba59abbe56e057f20f883e', '高丽琴', '医师', '70', 'avatar_default.png'), ('81', '03715', 'e10adc3949ba59abbe56e057f20f883e', '李继鹏', '医师', '71', 'avatar_default.png'), ('82', '03979', 'e10adc3949ba59abbe56e057f20f883e', '李松峰', '医师', '72', 'avatar_default.png'), ('83', '04828', 'e10adc3949ba59abbe56e057f20f883e', '刘克高', '医师', '73', 'avatar_default.png'), ('84', '03068', 'e10adc3949ba59abbe56e057f20f883e', '骆非', '医师', '74', 'avatar_default.png'), ('85', '03341', 'e10adc3949ba59abbe56e057f20f883e', '乔春艳', '医师', '75', 'avatar_default.png'), ('86', '03219', 'e10adc3949ba59abbe56e057f20f883e', '孙霞', '医师', '76', 'avatar_default.png'), ('87', '03343', 'e10adc3949ba59abbe56e057f20f883e', '王凤华', '医师', '77', 'avatar_default.png'), ('88', '04066', 'e10adc3949ba59abbe56e057f20f883e', '王晓贞', '医师', '78', 'avatar_default.png'), ('89', '03392', 'e10adc3949ba59abbe56e057f20f883e', '徐军', '医师', '79', 'avatar_default.png'), ('90', '04442', 'e10adc3949ba59abbe56e057f20f883e', '张青蔚', '医师', '80', 'avatar_default.png'), ('91', '03339', 'e10adc3949ba59abbe56e057f20f883e', '张永鹏', '医师', '81', 'avatar_default.png'), ('92', '03071', 'e10adc3949ba59abbe56e057f20f883e', '赵鹏飞', '医师', '82', 'avatar_default.png'), ('93', '04121', 'e10adc3949ba59abbe56e057f20f883e', '郑鹏飞', '医师', '83', 'avatar_default.png'), ('94', '04027', 'e10adc3949ba59abbe56e057f20f883e', '乔利亚', '医师', '84', 'avatar_default.png'), ('95', '00479', 'e10adc3949ba59abbe56e057f20f883e', '周丹', '医师', '85', 'avatar_default.png'), ('96', '02836', 'e10adc3949ba59abbe56e057f20f883e', '周海英', '医师', '86', 'avatar_default.png'), ('97', '04270', 'e10adc3949ba59abbe56e057f20f883e', '曹绪胜', '医师', '87', 'avatar_default.png'), ('98', '04541', 'e10adc3949ba59abbe56e057f20f883e', '王怀洲', '医师', '88', 'avatar_default.png'), ('99', '03397', 'e10adc3949ba59abbe56e057f20f883e', '王越', '医师', '89', 'avatar_default.png'), ('100', '04255', 'e10adc3949ba59abbe56e057f20f883e', '熊瑛', '医师', '90', 'avatar_default.png'), ('101', '04088', 'e10adc3949ba59abbe56e057f20f883e', '杨丽红', '医师', '91', 'avatar_default.png'), ('102', '03393', 'e10adc3949ba59abbe56e057f20f883e', '冯星', '医师', '92', 'avatar_default.png'), ('103', '04528', 'e10adc3949ba59abbe56e057f20f883e', '佘海澄', '医师', '93', 'avatar_default.png'), ('104', '03340', 'e10adc3949ba59abbe56e057f20f883e', '陈琳', '医师', '94', 'avatar_default.png'), ('105', '02939', 'e10adc3949ba59abbe56e057f20f883e', '葛心', '医师', '95', 'avatar_default.png'), ('106', '03167', 'e10adc3949ba59abbe56e057f20f883e', '李林', '医师', '96', 'avatar_default.png'), ('107', '03986', 'e10adc3949ba59abbe56e057f20f883e', '李志华', '医师', '97', 'avatar_default.png'), ('108', '02941', 'e10adc3949ba59abbe56e057f20f883e', '刘刚', '医师', '98', 'avatar_default.png'), ('109', '03166', 'e10adc3949ba59abbe56e057f20f883e', '刘月明', '医师', '99', 'avatar_default.png'), ('110', '04139', 'e10adc3949ba59abbe56e057f20f883e', '孙阿莉', '医师', '100', 'avatar_default.png'), ('111', '03533', 'e10adc3949ba59abbe56e057f20f883e', '孙华', '医师', '101', 'avatar_default.png'), ('112', '01973', 'e10adc3949ba59abbe56e057f20f883e', '王钢', '医师', '102', 'avatar_default.png'), ('113', '03714', 'e10adc3949ba59abbe56e057f20f883e', '王洪涛', '医师', '103', 'avatar_default.png'), ('114', '04185', 'e10adc3949ba59abbe56e057f20f883e', '王明扬', '医师', '104', 'avatar_default.png'), ('115', '04194', 'e10adc3949ba59abbe56e057f20f883e', '王文莹', '医师', '105', 'avatar_default.png'), ('116', '04201', 'e10adc3949ba59abbe56e057f20f883e', '闫超', '医师', '106', 'avatar_default.png'), ('117', '05112', 'e10adc3949ba59abbe56e057f20f883e', '于亚杰', '医师', '107', 'avatar_default.png'), ('118', '04117', 'e10adc3949ba59abbe56e057f20f883e', '赵红姝', '医师', '108', 'avatar_default.png'), ('119', '03066', 'e10adc3949ba59abbe56e057f20f883e', '赵阳', '医师', '109', 'avatar_default.png'), ('120', '03400', 'e10adc3949ba59abbe56e057f20f883e', '朱建波', '医师', '110', 'avatar_default.png'), ('121', '05504', 'e10adc3949ba59abbe56e057f20f883e', '樊文英', '医师', '111', 'avatar_default.png'), ('122', '03394', 'e10adc3949ba59abbe56e057f20f883e', '李欣', '医师', '112', 'avatar_default.png'), ('123', '04006', 'e10adc3949ba59abbe56e057f20f883e', '刘妍', '医师', '113', 'avatar_default.png'), ('124', '04315', 'e10adc3949ba59abbe56e057f20f883e', '莫静', '医师', '114', 'avatar_default.png'), ('125', '05317', 'e10adc3949ba59abbe56e057f20f883e', '牟大鹏', '医师', '115', 'avatar_default.png'), ('126', '04318', 'e10adc3949ba59abbe56e057f20f883e', '齐越', '医师', '116', 'avatar_default.png'), ('127', '03342', 'e10adc3949ba59abbe56e057f20f883e', '秦毅', '医师', '117', 'avatar_default.png'), ('128', '04237', 'e10adc3949ba59abbe56e057f20f883e', '沈志军', '医师', '118', 'avatar_default.png'), ('129', '04184', 'e10adc3949ba59abbe56e057f20f883e', '孙倩', '医师', '119', 'avatar_default.png'), ('130', '03396', 'e10adc3949ba59abbe56e057f20f883e', '王聪', '医师', '120', 'avatar_default.png'), ('131', '03399', 'e10adc3949ba59abbe56e057f20f883e', '王乙迪', '医师', '121', 'avatar_default.png'), ('132', '04499', 'e10adc3949ba59abbe56e057f20f883e', '赵萌', '医师', '122', 'avatar_default.png'), ('133', '04500', 'e10adc3949ba59abbe56e057f20f883e', '赵阳', '医师', '123', 'avatar_default.png'), ('134', '04717', 'e10adc3949ba59abbe56e057f20f883e', '陈燕云', '医师', '124', 'avatar_default.png'), ('135', '03951', 'e10adc3949ba59abbe56e057f20f883e', '何渊', '医师', '125', 'avatar_default.png'), ('136', '04723', 'e10adc3949ba59abbe56e057f20f883e', '洪洁', '医师', '126', 'avatar_default.png'), ('137', '05406', 'e10adc3949ba59abbe56e057f20f883e', '侯芳', '医师', '127', 'avatar_default.png'), ('138', '03953', 'e10adc3949ba59abbe56e057f20f883e', '侯志嘉', '医师', '128', 'avatar_default.png'), ('139', '04590', 'e10adc3949ba59abbe56e057f20f883e', '黄瑶', '医师', '129', 'avatar_default.png'), ('140', '04592', 'e10adc3949ba59abbe56e057f20f883e', '贾红艳', '医师', '130', 'avatar_default.png'), ('141', '05627', 'e10adc3949ba59abbe56e057f20f883e', '贾力蕴', '医师', '131', 'avatar_default.png'), ('142', '05522', 'e10adc3949ba59abbe56e057f20f883e', '李倩', '医师', '132', 'avatar_default.png'), ('143', '05738', 'e10adc3949ba59abbe56e057f20f883e', '李仕明', '医师', '133', 'avatar_default.png'), ('144', '04616', 'e10adc3949ba59abbe56e057f20f883e', '刘敬花', '医师', '134', 'avatar_default.png'), ('145', '05459', 'e10adc3949ba59abbe56e057f20f883e', '莫宾', '医师', '135', 'avatar_default.png'), ('146', '04934', 'e10adc3949ba59abbe56e057f20f883e', '裴雪婷', '医师', '136', 'avatar_default.png'), ('147', '05521', 'e10adc3949ba59abbe56e057f20f883e', '杨琼', '医师', '137', 'avatar_default.png'), ('148', '05407', 'e10adc3949ba59abbe56e057f20f883e', '赵国宏', '医师', '138', 'avatar_default.png'), ('149', '04860', 'e10adc3949ba59abbe56e057f20f883e', '丁静文', '医师', '139', 'avatar_default.png'), ('150', '03918', 'e10adc3949ba59abbe56e057f20f883e', '丁宁', '医师', '140', 'avatar_default.png'), ('151', '04591', 'e10adc3949ba59abbe56e057f20f883e', '纪海霞', '医师', '141', 'avatar_default.png'), ('152', '04899', 'e10adc3949ba59abbe56e057f20f883e', '李婧', '医师', '142', 'avatar_default.png'), ('153', '05509', 'e10adc3949ba59abbe56e057f20f883e', '李丽', '医师', '143', 'avatar_default.png'), ('154', '05750', 'e10adc3949ba59abbe56e057f20f883e', '马燕', '医师', '144', 'avatar_default.png'), ('155', '04435', 'e10adc3949ba59abbe56e057f20f883e', '苗景鹏', '医师', '145', 'avatar_default.png'), ('156', '05754', 'e10adc3949ba59abbe56e057f20f883e', '齐梦', '医师', '146', 'avatar_default.png'), ('157', '05871', 'e10adc3949ba59abbe56e057f20f883e', '王开杰', '医师', '147', 'avatar_default.png'), ('158', '04183', 'e10adc3949ba59abbe56e057f20f883e', '姚宁', '医师', '148', 'avatar_default.png'), ('159', '05800', 'e10adc3949ba59abbe56e057f20f883e', '于静', '医师', '149', 'avatar_default.png'), ('160', '04990', 'e10adc3949ba59abbe56e057f20f883e', '张慧', '医师', '150', 'avatar_default.png'), ('161', '04102', 'e10adc3949ba59abbe56e057f20f883e', '张举', '医师', '151', 'avatar_default.png'), ('162', '05305', 'e10adc3949ba59abbe56e057f20f883e', '张樱楠', '医师', '152', 'avatar_default.png'), ('163', '05820', 'e10adc3949ba59abbe56e057f20f883e', '赵博文', '医师', '153', 'avatar_default.png'), ('164', '06262', 'e10adc3949ba59abbe56e057f20f883e', '崔莹', '医师', '154', 'avatar_default.png'), ('165', '06263', 'e10adc3949ba59abbe56e057f20f883e', '邓光达', '医师', '155', 'avatar_default.png'), ('166', '05952', 'e10adc3949ba59abbe56e057f20f883e', '李亮', '医师', '156', 'avatar_default.png'), ('167', '06264', 'e10adc3949ba59abbe56e057f20f883e', '孟昭君', '医师', '157', 'avatar_default.png'), ('168', '06009', 'e10adc3949ba59abbe56e057f20f883e', '石砚', '医师', '158', 'avatar_default.png'), ('169', '05883', 'e10adc3949ba59abbe56e057f20f883e', '王辉', '医师', '159', 'avatar_default.png'), ('170', '06292', 'e10adc3949ba59abbe56e057f20f883e', '杨珂', '医师', '160', 'avatar_default.png'), ('171', '06091', 'e10adc3949ba59abbe56e057f20f883e', '张熙芳', '医师', '161', 'avatar_default.png'), ('172', '05898', 'e10adc3949ba59abbe56e057f20f883e', '陈蕊', '医师', '162', 'avatar_default.png'), ('173', '06377', 'e10adc3949ba59abbe56e057f20f883e', '李洋', '医师', '163', 'avatar_default.png'), ('174', '06409', 'e10adc3949ba59abbe56e057f20f883e', '刘佩佩', '医师', '164', 'avatar_default.png'), ('175', '06342', 'e10adc3949ba59abbe56e057f20f883e', '王辉', '医师', '165', 'avatar_default.png'), ('176', '06069', 'e10adc3949ba59abbe56e057f20f883e', '杨迪亚', '医师', '166', 'avatar_default.png'), ('177', '06374', 'e10adc3949ba59abbe56e057f20f883e', '张烨', '医师', '167', 'avatar_default.png'), ('178', '06285', 'e10adc3949ba59abbe56e057f20f883e', '周金琼', '医师', '168', 'avatar_default.png'), ('179', '06589', 'e10adc3949ba59abbe56e057f20f883e', '郭婧', '医师', '169', 'avatar_default.png'), ('180', '06610', 'e10adc3949ba59abbe56e057f20f883e', '麻婧', '医师', '170', 'avatar_default.png'), ('181', '06600', 'e10adc3949ba59abbe56e057f20f883e', '马楠', '医师', '171', 'avatar_default.png'), ('182', '06481', 'e10adc3949ba59abbe56e057f20f883e', '王怡', '医师', '172', 'avatar_default.png'), ('183', '06527', 'e10adc3949ba59abbe56e057f20f883e', '杨帆', '医师', '173', 'avatar_default.png'), ('184', '06609', 'e10adc3949ba59abbe56e057f20f883e', '张梦雨', '医师', '174', 'avatar_default.png'), ('185', '06488', 'e10adc3949ba59abbe56e057f20f883e', '章征', '医师', '175', 'avatar_default.png'), ('186', '02172', 'e10adc3949ba59abbe56e057f20f883e', '杨文利', '医师', '176', 'avatar_default.png'), ('187', '00490', 'e10adc3949ba59abbe56e057f20f883e', '廖斌', '医师', '177', 'avatar_default.png'), ('188', '02731', 'e10adc3949ba59abbe56e057f20f883e', '王京辉', '医师', '178', 'avatar_default.png'), ('189', '02525', 'e10adc3949ba59abbe56e057f20f883e', '黄静', '医师', '179', 'avatar_default.png'), ('190', '02643', 'e10adc3949ba59abbe56e057f20f883e', '周辉', '医师', '180', 'avatar_default.png'), ('191', '00466', 'e10adc3949ba59abbe56e057f20f883e', '付秋梅', '医师', '181', 'avatar_default.png'), ('192', '00477', 'e10adc3949ba59abbe56e057f20f883e', '缴威', '医师', '182', 'avatar_default.png'), ('193', '02280', 'e10adc3949ba59abbe56e057f20f883e', '成娟娟', '医师', '183', 'avatar_default.png'), ('194', '00465', 'e10adc3949ba59abbe56e057f20f883e', '刘静', '医师', '184', 'avatar_default.png'), ('195', '04135', 'e10adc3949ba59abbe56e057f20f883e', '孙省利', '医师', '185', 'avatar_default.png'), ('196', '03458', 'e10adc3949ba59abbe56e057f20f883e', '李栋军', '医师', '186', 'avatar_default.png'), ('197', '02282', 'e10adc3949ba59abbe56e057f20f883e', '李颖', '医师', '187', 'avatar_default.png'), ('198', '02981', 'e10adc3949ba59abbe56e057f20f883e', '松秀梅', '医师', '188', 'avatar_default.png'), ('199', '04803', 'e10adc3949ba59abbe56e057f20f883e', '张晶', '医师', '189', 'avatar_default.png'), ('200', '05810', 'e10adc3949ba59abbe56e057f20f883e', '张丽', '医师', '190', 'avatar_default.png'), ('201', '06299', 'e10adc3949ba59abbe56e057f20f883e', '赵琦', '医师', '191', 'avatar_default.png'), ('202', '05128', 'e10adc3949ba59abbe56e057f20f883e', '郑燕', '医师', '192', 'avatar_default.png'), ('203', '03921', 'e10adc3949ba59abbe56e057f20f883e', '董芳', '医师', '193', 'avatar_default.png'), ('204', '05204', 'e10adc3949ba59abbe56e057f20f883e', '霍妍佼', '医师', '194', 'avatar_default.png'), ('205', '03960', 'e10adc3949ba59abbe56e057f20f883e', '焦璇', '医师', '195', 'avatar_default.png'), ('206', '02732', 'e10adc3949ba59abbe56e057f20f883e', '刘守彬', '医师', '196', 'avatar_default.png'), ('207', '05448', 'e10adc3949ba59abbe56e057f20f883e', '柳静', '医师', '197', 'avatar_default.png'), ('208', '04010', 'e10adc3949ba59abbe56e057f20f883e', '吕梦', '医师', '198', 'avatar_default.png'), ('209', '02276', 'e10adc3949ba59abbe56e057f20f883e', '王玥', '医师', '199', 'avatar_default.png'), ('210', '02827', 'e10adc3949ba59abbe56e057f20f883e', '熊颖', '医师', '200', 'avatar_default.png'), ('211', '04989', 'e10adc3949ba59abbe56e057f20f883e', '张丛', '医师', '201', 'avatar_default.png'), ('212', '04108', 'e10adc3949ba59abbe56e057f20f883e', '张微', '医师', '202', 'avatar_default.png'), ('213', '03346', 'e10adc3949ba59abbe56e057f20f883e', '赵明', '医师', '203', 'avatar_default.png'), ('214', '04144', 'e10adc3949ba59abbe56e057f20f883e', '赵世强', '医师', '204', 'avatar_default.png'), ('215', '06142', 'e10adc3949ba59abbe56e057f20f883e', '陈伟', '医师', '205', 'avatar_default.png'), ('216', '03615', 'e10adc3949ba59abbe56e057f20f883e', '胡雅斌', '医师', '206', 'avatar_default.png'), ('217', '05974', 'e10adc3949ba59abbe56e057f20f883e', '刘倩', '医师', '207', 'avatar_default.png'), ('218', '06043', 'e10adc3949ba59abbe56e057f20f883e', '王子杨', '医师', '208', 'avatar_default.png'), ('219', '01981', 'e10adc3949ba59abbe56e057f20f883e', '张秋露', '医师', '209', 'avatar_default.png'), ('220', '02830', 'e10adc3949ba59abbe56e057f20f883e', '王俊健', '医师', '210', 'avatar_default.png'), ('221', '02513', 'e10adc3949ba59abbe56e057f20f883e', '王立', '医师', '211', 'avatar_default.png'), ('222', '01982', 'e10adc3949ba59abbe56e057f20f883e', '严伟', '医师', '212', 'avatar_default.png'), ('223', '06343', 'e10adc3949ba59abbe56e057f20f883e', '崔蕊', '医师', '213', 'avatar_default.png'), ('224', '06393', 'e10adc3949ba59abbe56e057f20f883e', '李逸丰', '医师', '214', 'avatar_default.png'), ('225', '06426', 'e10adc3949ba59abbe56e057f20f883e', '沈琳', '医师', '215', 'avatar_default.png'), ('226', '00464', 'e10adc3949ba59abbe56e057f20f883e', '刘淑贤', '医师', '216', 'avatar_default.png'), ('227', '00480', 'e10adc3949ba59abbe56e057f20f883e', '董桂霞', '医师', '217', 'avatar_default.png'), ('228', '00790', 'e10adc3949ba59abbe56e057f20f883e', '马小青', '医师', '218', 'avatar_default.png'), ('229', '00288', 'e10adc3949ba59abbe56e057f20f883e', '王谦', '医师', '219', 'avatar_default.png'), ('230', '02277', 'e10adc3949ba59abbe56e057f20f883e', '郭彦', '医师', '220', 'avatar_default.png'), ('231', '00514', 'e10adc3949ba59abbe56e057f20f883e', '李春玲', '医师', '221', 'avatar_default.png'), ('232', '00515', 'e10adc3949ba59abbe56e057f20f883e', '马张芳', '医师', '222', 'avatar_default.png'), ('233', '02274', 'e10adc3949ba59abbe56e057f20f883e', '魏宁', '医师', '223', 'avatar_default.png'), ('234', '02108', 'e10adc3949ba59abbe56e057f20f883e', '张馨蓓', '医师', '224', 'avatar_default.png'), ('235', '00498', 'e10adc3949ba59abbe56e057f20f883e', '张颖', '医师', '225', 'avatar_default.png'), ('236', '00436', 'e10adc3949ba59abbe56e057f20f883e', '赵亚辉', '医师', '226', 'avatar_default.png'), ('237', '02273', 'e10adc3949ba59abbe56e057f20f883e', '周丽娟', '医师', '227', 'avatar_default.png'), ('238', '02801', 'e10adc3949ba59abbe56e057f20f883e', '窦燕琦', '医师', '228', 'avatar_default.png'), ('239', '02797', 'e10adc3949ba59abbe56e057f20f883e', '霍震', '医师', '229', 'avatar_default.png'), ('240', '03169', 'e10adc3949ba59abbe56e057f20f883e', '刘敬楠', '医师', '230', 'avatar_default.png'), ('241', '03042', 'e10adc3949ba59abbe56e057f20f883e', '马来玉', '医师', '231', 'avatar_default.png'), ('242', '02092', 'e10adc3949ba59abbe56e057f20f883e', '沙颖', '医师', '232', 'avatar_default.png'), ('243', '00494', 'e10adc3949ba59abbe56e057f20f883e', '尚兰兰', '医师', '233', 'avatar_default.png'), ('244', '00470', 'e10adc3949ba59abbe56e057f20f883e', '孙力', '医师', '234', 'avatar_default.png'), ('245', '02664', 'e10adc3949ba59abbe56e057f20f883e', '杨慧', '医师', '235', 'avatar_default.png'), ('246', '03495', 'e10adc3949ba59abbe56e057f20f883e', '张宛侠', '医师', '236', 'avatar_default.png'), ('247', '02113', 'e10adc3949ba59abbe56e057f20f883e', '赵雁', '医师', '237', 'avatar_default.png'), ('248', '04271', 'e10adc3949ba59abbe56e057f20f883e', '陈丽云', '医师', '238', 'avatar_default.png'), ('249', '03007', 'e10adc3949ba59abbe56e057f20f883e', '陆立新', '医师', '239', 'avatar_default.png'), ('250', '03540', 'e10adc3949ba59abbe56e057f20f883e', '马晓薇', '医师', '240', 'avatar_default.png'), ('251', '05164', 'e10adc3949ba59abbe56e057f20f883e', '唐丹', '医师', '241', 'avatar_default.png'), ('252', '04054', 'e10adc3949ba59abbe56e057f20f883e', '王晶雪', '医师', '242', 'avatar_default.png'), ('253', '00495', 'e10adc3949ba59abbe56e057f20f883e', '王静', '医师', '243', 'avatar_default.png'), ('254', '05096', 'e10adc3949ba59abbe56e057f20f883e', '王文鲜', '医师', '244', 'avatar_default.png'), ('255', '03492', 'e10adc3949ba59abbe56e057f20f883e', '包琦', '医师', '245', 'avatar_default.png'), ('256', '01980', 'e10adc3949ba59abbe56e057f20f883e', '卜佳', '医师', '246', 'avatar_default.png'), ('257', '03720', 'e10adc3949ba59abbe56e057f20f883e', '曹栩', '医师', '247', 'avatar_default.png'), ('258', '00160', 'e10adc3949ba59abbe56e057f20f883e', '陈婵娟', '医师', '248', 'avatar_default.png'), ('259', '00716', 'e10adc3949ba59abbe56e057f20f883e', '程军', '医师', '249', 'avatar_default.png'), ('260', '00468', 'e10adc3949ba59abbe56e057f20f883e', '丁玉兰', '医师', '250', 'avatar_default.png'), ('261', '04178', 'e10adc3949ba59abbe56e057f20f883e', '郭宏文', '医师', '251', 'avatar_default.png'), ('262', '05137', 'e10adc3949ba59abbe56e057f20f883e', '胡颖', '医师', '252', 'avatar_default.png'), ('263', '03561', 'e10adc3949ba59abbe56e057f20f883e', '黄馨颖', '医师', '253', 'avatar_default.png'), ('264', '03544', 'e10adc3949ba59abbe56e057f20f883e', '金颖', '医师', '254', 'avatar_default.png'), ('265', '03608', 'e10adc3949ba59abbe56e057f20f883e', '井卉', '医师', '255', 'avatar_default.png'), ('266', '05343', 'e10adc3949ba59abbe56e057f20f883e', '李海英', '医师', '256', 'avatar_default.png'), ('267', '02798', 'e10adc3949ba59abbe56e057f20f883e', '李培', '医师', '257', 'avatar_default.png'), ('268', '04299', 'e10adc3949ba59abbe56e057f20f883e', '李莎莎', '医师', '258', 'avatar_default.png'), ('269', '03830', 'e10adc3949ba59abbe56e057f20f883e', '李娅', '医师', '259', 'avatar_default.png'), ('270', '05535', 'e10adc3949ba59abbe56e057f20f883e', '李岩岩', '医师', '260', 'avatar_default.png'), ('271', '03500', 'e10adc3949ba59abbe56e057f20f883e', '梁静', '医师', '261', 'avatar_default.png'), ('272', '02278', 'e10adc3949ba59abbe56e057f20f883e', '刘鸿', '医师', '262', 'avatar_default.png'), ('273', '00497', 'e10adc3949ba59abbe56e057f20f883e', '刘静', '医师', '263', 'avatar_default.png'), ('274', '03170', 'e10adc3949ba59abbe56e057f20f883e', '刘然', '医师', '264', 'avatar_default.png'), ('275', '05472', 'e10adc3949ba59abbe56e057f20f883e', '马丹', '医师', '265', 'avatar_default.png'), ('276', '03645', 'e10adc3949ba59abbe56e057f20f883e', '马贵娥', '医师', '266', 'avatar_default.png'), ('277', '04173', 'e10adc3949ba59abbe56e057f20f883e', '秦娜', '医师', '267', 'avatar_default.png'), ('278', '03607', 'e10adc3949ba59abbe56e057f20f883e', '申鑫', '医师', '268', 'avatar_default.png'), ('279', '04765', 'e10adc3949ba59abbe56e057f20f883e', '石岩', '医师', '269', 'avatar_default.png'), ('280', '00510', 'e10adc3949ba59abbe56e057f20f883e', '宋静', '医师', '270', 'avatar_default.png'), ('281', '05338', 'e10adc3949ba59abbe56e057f20f883e', '王贺', '医师', '271', 'avatar_default.png'), ('282', '03650', 'e10adc3949ba59abbe56e057f20f883e', '王蕾', '医师', '272', 'avatar_default.png'), ('283', '03507', 'e10adc3949ba59abbe56e057f20f883e', '王丽', '医师', '273', 'avatar_default.png'), ('284', '03542', 'e10adc3949ba59abbe56e057f20f883e', '王琳', '医师', '274', 'avatar_default.png'), ('285', '04156', 'e10adc3949ba59abbe56e057f20f883e', '王帅', '医师', '275', 'avatar_default.png'), ('286', '02793', 'e10adc3949ba59abbe56e057f20f883e', '吴亚丽', '医师', '276', 'avatar_default.png'), ('287', '01979', 'e10adc3949ba59abbe56e057f20f883e', '武向红', '医师', '277', 'avatar_default.png'), ('288', '03168', 'e10adc3949ba59abbe56e057f20f883e', '杨晓平', '医师', '278', 'avatar_default.png'), ('289', '03832', 'e10adc3949ba59abbe56e057f20f883e', '于莉莉', '医师', '279', 'avatar_default.png'), ('290', '03498', 'e10adc3949ba59abbe56e057f20f883e', '臧小为', '医师', '280', 'avatar_default.png'), ('291', '00469', 'e10adc3949ba59abbe56e057f20f883e', '张帆', '医师', '281', 'avatar_default.png'), ('292', '02578', 'e10adc3949ba59abbe56e057f20f883e', '张炜', '医师', '282', 'avatar_default.png'), ('293', '05142', 'e10adc3949ba59abbe56e057f20f883e', '张馨宇', '医师', '283', 'avatar_default.png'), ('294', '02663', 'e10adc3949ba59abbe56e057f20f883e', '张雪梅', '医师', '284', 'avatar_default.png'), ('295', '03547', 'e10adc3949ba59abbe56e057f20f883e', '张艳苹', '医师', '285', 'avatar_default.png'), ('296', '03649', 'e10adc3949ba59abbe56e057f20f883e', '张媛媛', '医师', '286', 'avatar_default.png'), ('297', '04361', 'e10adc3949ba59abbe56e057f20f883e', '朱蕾', '医师', '287', 'avatar_default.png'), ('298', '02091', 'e10adc3949ba59abbe56e057f20f883e', '邹芳霞', '医师', '288', 'avatar_default.png'), ('299', '05355', 'e10adc3949ba59abbe56e057f20f883e', '单晶', '医师', '289', 'avatar_default.png'), ('300', '06114', 'e10adc3949ba59abbe56e057f20f883e', '宋薇', '医师', '290', 'avatar_default.png'), ('301', '03550', 'e10adc3949ba59abbe56e057f20f883e', '王诏华', '医师', '291', 'avatar_default.png'), ('302', '03008', 'e10adc3949ba59abbe56e057f20f883e', '陈轶楠', '医师', '292', 'avatar_default.png'), ('303', '03131', 'e10adc3949ba59abbe56e057f20f883e', '陈迎', '医师', '293', 'avatar_default.png'), ('304', '03503', 'e10adc3949ba59abbe56e057f20f883e', '董鲜仙', '医师', '294', 'avatar_default.png'), ('305', '05353', 'e10adc3949ba59abbe56e057f20f883e', '高静', '医师', '295', 'avatar_default.png'), ('306', '00270', 'e10adc3949ba59abbe56e057f20f883e', '勾亚男', '医师', '296', 'avatar_default.png'), ('307', '02272', 'e10adc3949ba59abbe56e057f20f883e', '计雪云', '医师', '297', 'avatar_default.png'), ('308', '03300', 'e10adc3949ba59abbe56e057f20f883e', '贾真', '医师', '298', 'avatar_default.png'), ('309', '04599', 'e10adc3949ba59abbe56e057f20f883e', '李红月', '医师', '299', 'avatar_default.png'), ('310', '02285', 'e10adc3949ba59abbe56e057f20f883e', '李静', '医师', '300', 'avatar_default.png'), ('311', '03978', 'e10adc3949ba59abbe56e057f20f883e', '李倩', '医师', '301', 'avatar_default.png'), ('312', '03171', 'e10adc3949ba59abbe56e057f20f883e', '刘晋', '医师', '302', 'avatar_default.png'), ('313', '02095', 'e10adc3949ba59abbe56e057f20f883e', '刘静', '医师', '303', 'avatar_default.png'), ('314', '03543', 'e10adc3949ba59abbe56e057f20f883e', '刘娟', '医师', '304', 'avatar_default.png'), ('315', '03222', 'e10adc3949ba59abbe56e057f20f883e', '刘琳', '医师', '305', 'avatar_default.png'), ('316', '04001', 'e10adc3949ba59abbe56e057f20f883e', '刘莎', '医师', '306', 'avatar_default.png'), ('317', '03609', 'e10adc3949ba59abbe56e057f20f883e', '刘怡', '医师', '307', 'avatar_default.png'), ('318', '02665', 'e10adc3949ba59abbe56e057f20f883e', '刘颖', '医师', '308', 'avatar_default.png'), ('319', '04013', 'e10adc3949ba59abbe56e057f20f883e', '马静', '医师', '309', 'avatar_default.png'), ('320', '04016', 'e10adc3949ba59abbe56e057f20f883e', '马楠', '医师', '310', 'avatar_default.png'), ('321', '02990', 'e10adc3949ba59abbe56e057f20f883e', '门宇', '医师', '311', 'avatar_default.png'), ('322', '03647', 'e10adc3949ba59abbe56e057f20f883e', '商静', '医师', '312', 'avatar_default.png'), ('323', '04633', 'e10adc3949ba59abbe56e057f20f883e', '沈文娟', '医师', '313', 'avatar_default.png'), ('324', '04639', 'e10adc3949ba59abbe56e057f20f883e', '苏畅', '医师', '314', 'avatar_default.png'), ('325', '04645', 'e10adc3949ba59abbe56e057f20f883e', '唐文觅', '医师', '315', 'avatar_default.png'), ('326', '03304', 'e10adc3949ba59abbe56e057f20f883e', '万伟宁', '医师', '316', 'avatar_default.png'), ('327', '01975', 'e10adc3949ba59abbe56e057f20f883e', '王爱华', '医师', '317', 'avatar_default.png'), ('328', '04367', 'e10adc3949ba59abbe56e057f20f883e', '王琛', '医师', '318', 'avatar_default.png'), ('329', '03541', 'e10adc3949ba59abbe56e057f20f883e', '王帆', '医师', '319', 'avatar_default.png'), ('330', '04773', 'e10adc3949ba59abbe56e057f20f883e', '王冠一', '医师', '320', 'avatar_default.png'), ('331', '04333', 'e10adc3949ba59abbe56e057f20f883e', '王宁', '医师', '321', 'avatar_default.png'), ('332', '02284', 'e10adc3949ba59abbe56e057f20f883e', '王延红', '医师', '322', 'avatar_default.png'), ('333', '03548', 'e10adc3949ba59abbe56e057f20f883e', '王祎', '医师', '323', 'avatar_default.png'), ('334', '05556', 'e10adc3949ba59abbe56e057f20f883e', '王影', '医师', '324', 'avatar_default.png'), ('335', '03305', 'e10adc3949ba59abbe56e057f20f883e', '夏静', '医师', '325', 'avatar_default.png'), ('336', '04660', 'e10adc3949ba59abbe56e057f20f883e', '邢琳', '医师', '326', 'avatar_default.png'), ('337', '02279', 'e10adc3949ba59abbe56e057f20f883e', '杨健', '医师', '327', 'avatar_default.png'), ('338', '04472', 'e10adc3949ba59abbe56e057f20f883e', '杨萌', '医师', '328', 'avatar_default.png'), ('339', '05549', 'e10adc3949ba59abbe56e057f20f883e', '杨娜', '医师', '329', 'avatar_default.png'), ('340', '03646', 'e10adc3949ba59abbe56e057f20f883e', '杨宁', '医师', '330', 'avatar_default.png'), ('341', '04095', 'e10adc3949ba59abbe56e057f20f883e', '于佳', '医师', '331', 'avatar_default.png'), ('342', '04672', 'e10adc3949ba59abbe56e057f20f883e', '苑亚南', '医师', '332', 'avatar_default.png'), ('343', '03545', 'e10adc3949ba59abbe56e057f20f883e', '张萌', '医师', '333', 'avatar_default.png'), ('344', '02666', 'e10adc3949ba59abbe56e057f20f883e', '张岩', '医师', '334', 'avatar_default.png'), ('345', '04111', 'e10adc3949ba59abbe56e057f20f883e', '张瑶青', '医师', '335', 'avatar_default.png'), ('346', '01978', 'e10adc3949ba59abbe56e057f20f883e', '赵小玲', '医师', '336', 'avatar_default.png'), ('347', '04122', 'e10adc3949ba59abbe56e057f20f883e', '郑松', '医师', '337', 'avatar_default.png'), ('348', '05134', 'e10adc3949ba59abbe56e057f20f883e', '左丹', '医师', '338', 'avatar_default.png'), ('349', '05686', 'e10adc3949ba59abbe56e057f20f883e', '曹欢', '医师', '339', 'avatar_default.png'), ('350', '03546', 'e10adc3949ba59abbe56e057f20f883e', '崔杰', '医师', '340', 'avatar_default.png'), ('351', '05700', 'e10adc3949ba59abbe56e057f20f883e', '杜蕊', '医师', '341', 'avatar_default.png'), ('352', '03938', 'e10adc3949ba59abbe56e057f20f883e', '高雪丽', '医师', '342', 'avatar_default.png'), ('353', '05707', 'e10adc3949ba59abbe56e057f20f883e', '管梦', '医师', '343', 'avatar_default.png'), ('354', '05932', 'e10adc3949ba59abbe56e057f20f883e', '郭雅琪', '医师', '344', 'avatar_default.png'), ('355', '04587', 'e10adc3949ba59abbe56e057f20f883e', '郝红颖', '医师', '345', 'avatar_default.png'), ('356', '04725', 'e10adc3949ba59abbe56e057f20f883e', '胡锐', '医师', '346', 'avatar_default.png'), ('357', '03958', 'e10adc3949ba59abbe56e057f20f883e', '贾春曼', '医师', '347', 'avatar_default.png'), ('358', '03513', 'e10adc3949ba59abbe56e057f20f883e', '金梦', '医师', '348', 'avatar_default.png'), ('359', '04894', 'e10adc3949ba59abbe56e057f20f883e', '康越', '医师', '349', 'avatar_default.png'), ('360', '04736', 'e10adc3949ba59abbe56e057f20f883e', '李丹', '医师', '350', 'avatar_default.png'), ('361', '04293', 'e10adc3949ba59abbe56e057f20f883e', '李靖文', '医师', '351', 'avatar_default.png'), ('362', '04604', 'e10adc3949ba59abbe56e057f20f883e', '李荣荣', '医师', '352', 'avatar_default.png'), ('363', '04905', 'e10adc3949ba59abbe56e057f20f883e', '李婷', '医师', '353', 'avatar_default.png'), ('364', '04456', 'e10adc3949ba59abbe56e057f20f883e', '李文静', '医师', '354', 'avatar_default.png'), ('365', '04460', 'e10adc3949ba59abbe56e057f20f883e', '刘娜', '医师', '355', 'avatar_default.png'), ('366', '04308', 'e10adc3949ba59abbe56e057f20f883e', '刘笑辰', '医师', '356', 'avatar_default.png'), ('367', '05567', 'e10adc3949ba59abbe56e057f20f883e', '柳来龙', '医师', '357', 'avatar_default.png'), ('368', '05588', 'e10adc3949ba59abbe56e057f20f883e', '吕岫葳', '医师', '358', 'avatar_default.png'), ('369', '04018', 'e10adc3949ba59abbe56e057f20f883e', '马小杰', '医师', '359', 'avatar_default.png'), ('370', '03671', 'e10adc3949ba59abbe56e057f20f883e', '潘杰', '医师', '360', 'avatar_default.png'), ('371', '05237', 'e10adc3949ba59abbe56e057f20f883e', '庞莹莹', '医师', '361', 'avatar_default.png'), ('372', '04026', 'e10adc3949ba59abbe56e057f20f883e', '乔辉', '医师', '362', 'avatar_default.png'), ('373', '05760', 'e10adc3949ba59abbe56e057f20f883e', '盛琬', '医师', '363', 'avatar_default.png'), ('374', '05543', 'e10adc3949ba59abbe56e057f20f883e', '师秀娟', '医师', '364', 'avatar_default.png'), ('375', '05244', 'e10adc3949ba59abbe56e057f20f883e', '石月', '医师', '365', 'avatar_default.png'), ('376', '04635', 'e10adc3949ba59abbe56e057f20f883e', '宋金亮', '医师', '366', 'avatar_default.png'), ('377', '04038', 'e10adc3949ba59abbe56e057f20f883e', '孙俊晔', '医师', '367', 'avatar_default.png'), ('378', '04946', 'e10adc3949ba59abbe56e057f20f883e', '孙宇迪', '医师', '368', 'avatar_default.png'), ('379', '04648', 'e10adc3949ba59abbe56e057f20f883e', '王晨', '医师', '369', 'avatar_default.png'), ('380', '05768', 'e10adc3949ba59abbe56e057f20f883e', '王红云', '医师', '370', 'avatar_default.png'), ('381', '04331', 'e10adc3949ba59abbe56e057f20f883e', '王瑾', '医师', '371', 'avatar_default.png'), ('382', '05261', 'e10adc3949ba59abbe56e057f20f883e', '王可', '医师', '372', 'avatar_default.png'), ('383', '06038', 'e10adc3949ba59abbe56e057f20f883e', '王雅', '医师', '373', 'avatar_default.png'), ('384', '06045', 'e10adc3949ba59abbe56e057f20f883e', '魏洁', '医师', '374', 'avatar_default.png'), ('385', '04658', 'e10adc3949ba59abbe56e057f20f883e', '肖瑶', '医师', '375', 'avatar_default.png'), ('386', '04967', 'e10adc3949ba59abbe56e057f20f883e', '修晨', '医师', '376', 'avatar_default.png'), ('387', '04968', 'e10adc3949ba59abbe56e057f20f883e', '徐佳佳', '医师', '377', 'avatar_default.png'), ('388', '05565', 'e10adc3949ba59abbe56e057f20f883e', '杨杰', '医师', '378', 'avatar_default.png'), ('389', '04671', 'e10adc3949ba59abbe56e057f20f883e', '于静', '医师', '379', 'avatar_default.png'), ('390', '04479', 'e10adc3949ba59abbe56e057f20f883e', '张晶', '医师', '380', 'avatar_default.png'), ('391', '04992', 'e10adc3949ba59abbe56e057f20f883e', '张萌', '医师', '381', 'avatar_default.png'), ('392', '05300', 'e10adc3949ba59abbe56e057f20f883e', '张楠', '医师', '382', 'avatar_default.png'), ('393', '05003', 'e10adc3949ba59abbe56e057f20f883e', '张颖', '医师', '383', 'avatar_default.png'), ('394', '05005', 'e10adc3949ba59abbe56e057f20f883e', '赵超', '医师', '384', 'avatar_default.png'), ('395', '05821', 'e10adc3949ba59abbe56e057f20f883e', '赵梦楠', '医师', '385', 'avatar_default.png'), ('396', '05010', 'e10adc3949ba59abbe56e057f20f883e', '郑文亚', '医师', '386', 'avatar_default.png'), ('397', '02658', 'e10adc3949ba59abbe56e057f20f883e', '周朋', '医师', '387', 'avatar_default.png'), ('398', '04868', 'e10adc3949ba59abbe56e057f20f883e', '冯家颖', '医师', '388', 'avatar_default.png'), ('399', '05953', 'e10adc3949ba59abbe56e057f20f883e', '李珊', '医师', '389', 'avatar_default.png'), ('400', '05954', 'e10adc3949ba59abbe56e057f20f883e', '李爽', '医师', '390', 'avatar_default.png'), ('401', '05959', 'e10adc3949ba59abbe56e057f20f883e', '李新彤', '医师', '391', 'avatar_default.png'), ('402', '05992', 'e10adc3949ba59abbe56e057f20f883e', '孟轩', '医师', '392', 'avatar_default.png'), ('403', '05994', 'e10adc3949ba59abbe56e057f20f883e', '孟雨柔', '医师', '393', 'avatar_default.png'), ('404', '06026', 'e10adc3949ba59abbe56e057f20f883e', '王春晖', '医师', '394', 'avatar_default.png'), ('405', '06058', 'e10adc3949ba59abbe56e057f20f883e', '徐巧玉', '医师', '395', 'avatar_default.png'), ('406', '05297', 'e10adc3949ba59abbe56e057f20f883e', '张富华', '医师', '396', 'avatar_default.png'), ('407', '05909', 'e10adc3949ba59abbe56e057f20f883e', '程然', '医师', '397', 'avatar_default.png'), ('408', '04444', 'e10adc3949ba59abbe56e057f20f883e', '曹雪', '医师', '398', 'avatar_default.png'), ('409', '06201', 'e10adc3949ba59abbe56e057f20f883e', '刘扬', '医师', '399', 'avatar_default.png'), ('410', '05987', 'e10adc3949ba59abbe56e057f20f883e', '芦芮', '医师', '400', 'avatar_default.png'), ('411', '06208', 'e10adc3949ba59abbe56e057f20f883e', '彭晓娟', '医师', '401', 'avatar_default.png'), ('412', '06029', 'e10adc3949ba59abbe56e057f20f883e', '王佳琦', '医师', '402', 'avatar_default.png'), ('413', '05541', 'e10adc3949ba59abbe56e057f20f883e', '王艳', '医师', '403', 'avatar_default.png'), ('414', '05803', 'e10adc3949ba59abbe56e057f20f883e', '于子予', '医师', '404', 'avatar_default.png'), ('415', '06245', 'e10adc3949ba59abbe56e057f20f883e', '张思', '医师', '405', 'avatar_default.png'), ('416', '06256', 'e10adc3949ba59abbe56e057f20f883e', '赵冉', '医师', '406', 'avatar_default.png'), ('417', '06389', 'e10adc3949ba59abbe56e057f20f883e', '蔡美玲', '医师', '407', 'avatar_default.png'), ('418', '06312', 'e10adc3949ba59abbe56e057f20f883e', '韩洁', '医师', '408', 'avatar_default.png'), ('419', '06315', 'e10adc3949ba59abbe56e057f20f883e', '李晶晶', '医师', '409', 'avatar_default.png'), ('420', '06410', 'e10adc3949ba59abbe56e057f20f883e', '吕蔷', '医师', '410', 'avatar_default.png'), ('421', '06316', 'e10adc3949ba59abbe56e057f20f883e', '阮继铭', '医师', '411', 'avatar_default.png'), ('422', '06321', 'e10adc3949ba59abbe56e057f20f883e', '王晓桐', '医师', '412', 'avatar_default.png'), ('423', '06352', 'e10adc3949ba59abbe56e057f20f883e', '杨烁', '医师', '413', 'avatar_default.png'), ('424', '06337', 'e10adc3949ba59abbe56e057f20f883e', '张晴', '医师', '414', 'avatar_default.png'), ('425', '06338', 'e10adc3949ba59abbe56e057f20f883e', '张晓晗', '医师', '415', 'avatar_default.png'), ('426', '06375', 'e10adc3949ba59abbe56e057f20f883e', '甄雯雨', '医师', '416', 'avatar_default.png'), ('434', 'sdfsdf', 'e10adc3949ba59abbe56e057f20f883e', 'wudi', '系统管理员', null, 'avatar_default.png');
COMMIT;

SET FOREIGN_KEY_CHECKS = 1;
